target_name	e_value	score	description
Q868Z9	8.6e-84	271.2	-
O76840	9.4e-71	229.3	-
A0A6P8HC43	5.2e-57	185.2	-
Q02445	3.2e-47	153.7	-
Q28864	7.9e-46	149.3	-
O54819	3.5e-43	140.8	-
P19761	5.3e-40	130.5	-
Q5IS80	1.8e-36	119.2	-
P79307	2.1e-36	119.0	-
P08592	2.1e-36	119.0	-
P53601	2.7e-36	118.7	-
Q60495	4.4e-36	118.0	-
P12023	9.4e-36	116.9	-
Q95241	1e-35	116.8	-
P84875	1.8e-33	109.5	-
Q7YRQ8	7.9e-32	104.3	-
O93279	4.1e-30	98.8	-
O73683	4.7e-29	95.4	-
B6ZIW0	5.4e-28	92.0	-
W4VSH9	6.8e-28	91.7	-
O35536	9.7e-28	91.2	-
Q8WPI3	9.9e-27	87.9	-
Q8WPI2	1.1e-26	87.8	-
C0HMC7	5.2e-26	85.6	-
Q9WU03	1.3e-25	84.3	-
B2BS84	2.9e-24	80.0	-
Q9R097	2.7e-23	76.9	-
P00974	1.3e-22	74.7	-
Q5VJG2	2e-22	74.1	-
P00980	2.6e-22	73.7	-
P00979	3.4e-22	73.4	-
P04815	1.1e-20	68.5	-
P00975	1.6e-20	68.0	-
P00978	3.3e-20	67.0	-
Q60559	3.6e-20	66.9	-
Q06481	7.2e-19	62.7	-
Q62577	1.2e-18	62.0	-
Q07456	7.2e-18	59.5	-
P15943	7.8e-18	59.4	-
P0DMJ6	1.2e-17	58.8	-
Q7LZS8	1.2e-17	58.8	-
O62845	1.2e-17	58.7	-
C1IC50	1.3e-17	58.7	-
P00994	1.8e-17	58.2	-
Q29428	2.9e-17	57.5	-
Q6T6S5	3.1e-17	57.4	-
C0HLB2	3.2e-17	57.4	-
Q90W98	3.3e-17	57.4	-
Q08E66	3.3e-17	57.3	-
C0HLA5	3.5e-17	57.3	-
P00991	3.7e-17	57.2	-
B5L5M7	4e-17	57.1	-
C0HLA7	4.2e-17	57.0	-
P00984	4.9e-17	56.8	-
Q7LZE3	4.9e-17	56.8	-
Q64240	5.3e-17	56.7	-
Q29100	5.3e-17	56.7	-
B7S4N9	5.3e-17	56.7	-
C0HLA8	6.4e-17	56.4	-
C0HLA6	6.6e-17	56.4	-
P0DKL8	7.1e-17	56.3	-
Q28201	7.3e-17	56.3	-
P00993	8.6e-17	56.0	-
I2G9B4	1.1e-16	55.7	-
P10280	1.2e-16	55.5	-
P0DV05	1.7e-16	55.1	-
A0A1D0BND9	1.8e-16	55.0	-
P24541	2.1e-16	54.8	-
C0HJU7	2.1e-16	54.7	-
C0HK72	2.1e-16	54.7	-
Q29143	2.2e-16	54.7	-
P0DMW7	2.2e-16	54.7	-
P0DN08	2.3e-16	54.6	-
Q2ES47	2.4e-16	54.6	-
P0DN09	2.5e-16	54.5	-
C1IC52	2.6e-16	54.5	-
P0DMW6	3.1e-16	54.2	-
Q6T6T5	3.2e-16	54.2	-
A0A1Z0YU59	3.9e-16	53.9	-
P00986	4.1e-16	53.8	-
P0DJ47	4.2e-16	53.8	-
Q90W99	4.3e-16	53.8	-
E5AJX3	4.3e-16	53.8	-
C0HLA9	4.4e-16	53.7	-
A8Y7N9	4.6e-16	53.7	-
P49223	6.5e-16	53.2	-
Q8AY43	6.8e-16	53.1	-
C1IC51	7.3e-16	53.0	-
Q2ES46	8.6e-16	52.8	-
P0C8W3	8.7e-16	52.8	-
B6RLX2	1e-15	52.5	-
P00985	1.1e-15	52.5	-
P00976	1.2e-15	52.4	-
P0DMJ4	1.2e-15	52.3	-
Q6NUX0	1.2e-15	52.3	-
P0DN07	1.3e-15	52.3	-
P00992	1.3e-15	52.2	-
C1IC53	1.5e-15	52.0	-
P00982	1.6e-15	51.9	-
P0DN11	1.7e-15	51.9	-
P0DMX0	1.7e-15	51.8	-
P86862	1.8e-15	51.8	-
F8J2F5	1.8e-15	51.8	-
B4ESA4	2.1e-15	51.6	-
P81547	2.1e-15	51.5	-
P20229	2.2e-15	51.5	-
B4ESA3	2.9e-15	51.1	-
P0DN17	3e-15	51.0	-
P0DQR1	3.1e-15	51.0	-
Q8AY42	3.1e-15	51.0	-
F8J2F3	3.4e-15	50.9	-
B5KF95	3.7e-15	50.8	-
B5KL36	3.7e-15	50.8	-
A5X2X1	4.1e-15	50.6	-
Q8T3S7	4.2e-15	50.6	-
P0DN10	5.4e-15	50.2	-
P0DJ50	5.8e-15	50.1	-
C0HK73	5.9e-15	50.1	-
Q90WA1	6.3e-15	50.0	-
P81129	7.2e-15	49.8	-
Q9TWF8	7.3e-15	49.8	-
P0DV04	7.4e-15	49.8	-
Q964Q0	8.4e-15	49.6	-
B5L5R7	8.7e-15	49.6	-
B2ZBB6	8.7e-15	49.6	-
Q7TQN3	9.1e-15	49.5	-
Q9TWG0	9.4e-15	49.5	-
P0DMJ3	9.8e-15	49.4	-
P0DN14	9.9e-15	49.4	-
P81902	9.9e-15	49.4	-
P0DMJ2	1e-14	49.4	-
P68425	1.1e-14	49.3	-
A8Y7N4	1.1e-14	49.3	-
H6VC05	1.1e-14	49.3	-
A7X3V4	1.2e-14	49.1	-
P16044	1.3e-14	49.1	-
B5KL37	1.3e-14	49.0	-
C8YJ94	1.3e-14	49.0	-
B5KF96	1.5e-14	48.8	-
P31713	1.5e-14	48.8	-
A0A6B7FBD3	1.7e-14	48.7	-
P0DJ76	1.8e-14	48.6	-
Q9GP15	1.8e-14	48.5	-
P0DN18	1.9e-14	48.5	-
B5L5R0	1.9e-14	48.5	-
P0DN06	1.9e-14	48.5	-
C0HJU6	1.9e-14	48.5	-
Q8AY41	1.9e-14	48.5	-
P0DN13	2e-14	48.4	-
C0HK74	2e-14	48.4	-
P25660	2.1e-14	48.4	-
B5G6G6	2.3e-14	48.2	-
B5KL40	2.3e-14	48.2	-
C8YJ95	2.5e-14	48.1	-
A8Y7N8	2.6e-14	48.0	-
Q8TEU8	2.6e-14	48.0	-
Q90WA0	2.8e-14	48.0	-
A8Y7N7	2.8e-14	47.9	-
B1B5I8	3e-14	47.9	-
A7X3V7	3e-14	47.9	-
A6MFL4	3.2e-14	47.8	-
P0DMJ5	3.2e-14	47.8	-
A8Y7P3	3.3e-14	47.7	-
B5KL39	3.6e-14	47.6	-
A8Y7N6	3.6e-14	47.6	-
P00990	3.6e-14	47.6	-
C1IBY4	4.1e-14	47.4	-
A8Y7P6	4.1e-14	47.4	-
B5L5R4	4.1e-14	47.4	-
B5KL35	4.2e-14	47.4	-
P0DQQ9	4.5e-14	47.3	-
Q6ITB9	5.1e-14	47.1	-
D5J9Q8	5.1e-14	47.1	-
P82968	5.6e-14	47.0	-
A6MGY1	5.7e-14	46.9	-
E7FL13	6.7e-14	46.7	-
E7FL12	6.8e-14	46.7	-
Q6ITB0	6.9e-14	46.7	-
Q6ITB1	6.9e-14	46.7	-
B5KL34	6.9e-14	46.7	-
B5L5Q8	7.2e-14	46.6	-
Q6ITB4	7.7e-14	46.5	-
Q6ITB6	7.7e-14	46.5	-
A6MFL3	7.7e-14	46.5	-
A8Y7P2	8.2e-14	46.4	-
H6VC06	8.3e-14	46.4	-
P81548	8.5e-14	46.4	-
A8Y7P0	9.4e-14	46.3	-
Q2ES50	9.4e-14	46.3	-
Q6ITC0	9.4e-14	46.3	-
P82966	9.5e-14	46.2	-
Q6ITB5	9.6e-14	46.2	-
C8YJ97	9.8e-14	46.2	-
Q6ITB8	1.4e-13	45.7	-
P0DL86	1.4e-13	45.7	-
E7FL11	1.5e-13	45.6	-
A8Y7P4	1.5e-13	45.6	-
C0HJF4	1.6e-13	45.5	-
F8J2F4	1.7e-13	45.5	-
P0DN12	1.7e-13	45.4	-
P10832	1.9e-13	45.3	-
Q6ITC1	2e-13	45.2	-
A8Y7N5	2.1e-13	45.1	-
B5L5R1	2.1e-13	45.1	-
B5KL32	2.2e-13	45.1	-
B5KL38	2.2e-13	45.0	-
B2G331	2.4e-13	44.9	-
P0DJ82	2.7e-13	44.8	-
B5KF94	2.8e-13	44.7	-
Q5ZPJ7	3e-13	44.7	-
B2KTG1	3.2e-13	44.5	-
D8KY58	3.3e-13	44.5	-
C0HJF3	3.3e-13	44.5	-
Q6ITB7	3.4e-13	44.5	-
B5KL31	3.7e-13	44.4	-
P0DV03	3.7e-13	44.3	-
Q9TWF9	3.8e-13	44.3	-
Q6ITB3	4.2e-13	44.2	-
B5KL30	4.2e-13	44.2	-
B5KL41	4.2e-13	44.2	-
Q2ES48	4.3e-13	44.1	-
A8Y7P5	4.9e-13	43.9	-
P26228	5e-13	43.9	-
P0DJ46	5.1e-13	43.9	-
D2Y2Q7	5.2e-13	43.9	-
Q03610	5.3e-13	43.9	-
B5KL33	5.3e-13	43.8	-
A6MFL2	5.4e-13	43.8	-
D2Y2G1	5.8e-13	43.7	-
P0DJ84	5.8e-13	43.7	-
A8Y7P1	6.6e-13	43.5	-
Q8T0W4	6.8e-13	43.5	-
D2Y2Q5	9.3e-13	43.1	-
P0DJ48	9.4e-13	43.0	-
D2Y2Q8	1.1e-12	42.9	-
H2A0P0	1.1e-12	42.8	-
P0DV06	1.1e-12	42.8	-
P10831	1.1e-12	42.8	-
D2Y2Q9	1.3e-12	42.6	-
P00983	1.3e-12	42.6	-
H2A0N5	1.5e-12	42.4	-
P0DJ49	1.5e-12	42.4	-
D2Y2Q2	1.6e-12	42.3	-
A6MFL1	1.6e-12	42.3	-
P0DJ45	1.7e-12	42.2	-
H2A0N1	1.8e-12	42.1	-
P0DN15	2e-12	42.0	-
P81162	2.7e-12	41.6	-
H2A0M2	2.8e-12	41.5	-
P15989	3e-12	41.4	-
B5L5R6	3e-12	41.4	-
A6MGX9	3.3e-12	41.3	-
P0DN16	3.6e-12	41.2	-
Q589G4	3.9e-12	41.1	-
P86959	4.6e-12	40.8	-
D2Y2Q1	4.7e-12	40.8	-
D2Y488	5.6e-12	40.6	-
G3LH89	5.9e-12	40.5	-
P86964	1.1e-11	39.6	-
C8YJ96	1.2e-11	39.5	-
P81658	1.3e-11	39.3	-
P07481	1.4e-11	39.3	-
F8J2F6	1.4e-11	39.3	-
Q1RPS8	1.5e-11	39.1	-
Q2UY09	2.2e-11	38.7	-
P0DMJ1	2.3e-11	38.6	-
F6ULY1	2.5e-11	38.5	-
Q96NZ8	2.7e-11	38.4	-
O95925	2.8e-11	38.3	-
F5GTK6	3e-11	38.2	-
Q4KUS1	3.1e-11	38.2	-
P12111	5.5e-11	37.4	-
Q7T2Q6	5.8e-11	37.3	-
Q90W96	6.1e-11	37.2	-
Q6ITB2	7.4e-11	37.0	-
B5L5Q1	1.3e-10	36.2	-
P19859	1.3e-10	36.2	-
Q1RPS9	1.5e-10	36.0	-
C0HLB0	1.5e-10	36.0	-
B5KL29	1.5e-10	36.0	-
B5KL27	1.7e-10	35.8	-
P16344	2.5e-10	35.3	-
P0DQR0	2.6e-10	35.2	-
D2Y2Q6	2.8e-10	35.1	-
I6VXS1	3.2e-10	34.9	-
O95428	5.1e-10	34.3	-
Q3UW55	5.7e-10	34.1	-
Q0PL65	5.8e-10	34.1	-
D4A2Z2	6.2e-10	34.0	-
Q2UY11	7.6e-10	33.7	-
H2A0N9	1.2e-09	33.1	-
B5M0W4	1.4e-09	32.9	-
G9I929	1.4e-09	32.8	-
Q9D263	1.5e-09	32.8	-
Q90W97	1.8e-09	32.5	-
B5KL28	1.9e-09	32.4	-
Q8AY46	2.3e-09	32.2	-
B2KTG2	4e-09	31.4	-
Q8R0S6	4.3e-09	31.3	-
P11424	4.4e-09	31.3	-
P0CY85	4.6e-09	31.2	-
D2Y2F5	4.9e-09	31.1	-
P0DJ71	4.9e-09	31.1	-
P0DJ85	5.4e-09	31.0	-
Q9EPX2	5.9e-09	30.9	-
P00987	6.4e-09	30.7	-
Q9W728	7e-09	30.6	-
B2KTG3	9.3e-09	30.2	-
P0DJ80	1e-08	30.1	-
B2ZBB8	1e-08	30.1	-
P0DJ75	1e-08	30.1	-
P0DJ78	1e-08	30.1	-
B2ZBC0	1.1e-08	30.0	-
P0C5J5	1.4e-08	29.7	-
B2ZBB9	1.5e-08	29.5	-
D2Y2F9	1.5e-08	29.5	-
P0DJ65	1.5e-08	29.5	-
D2Y2C2	1.5e-08	29.5	-
P0DJ70	1.5e-08	29.5	-
Q9BDL1	1.7e-08	29.3	-
D2Y2F8	2e-08	29.1	-
D2Y2F4	2.3e-08	29.0	-
P0DJ67	2.3e-08	29.0	-
D2Y2F6	3.1e-08	28.5	-
P0DJ72	3.1e-08	28.5	-
D2Y2F7	3.3e-08	28.4	-
P0DJ73	3.3e-08	28.4	-
D2Y2F3	3.7e-08	28.3	-
P0DJ64	3.7e-08	28.3	-
B5L5Q6	4e-08	28.2	-
P0DJ79	4.1e-08	28.1	-
M9PE65	4.3e-08	28.1	-
Q75S50	4.4e-08	28.1	-
Q8AY44	4.4e-08	28.1	-
C0LNR2	4.4e-08	28.0	-
Q8AY45	4.5e-08	28.0	-
Q9DA01	6.2e-08	27.6	-
Q1RPT0	8.2e-08	27.2	-
P00989	8.3e-08	27.2	-
P0DJ81	9.6e-08	27.0	-
Q02388	1.5e-07	26.4	-
Q63870	2.3e-07	25.8	-
D2Y2G2	3.4e-07	25.2	-
P0DJ68	3.4e-07	25.2	-
Q2ES49	4.1e-07	24.9	-
D2Y2G0	5.3e-07	24.6	-
B4ESA2	8.7e-07	23.9	-
B5L5Q3	8.8e-07	23.9	-
P0C1X2	1.2e-06	23.4	-
Q6UDR6	1.3e-06	23.3	-
Q7Z1K3	1.4e-06	23.2	-
P86963	6.8e-06	21.0	-
Q8IUA0	1.1e-05	20.4	-
D9IFL3	1.1e-05	20.4	-
Q9BQY6	3.1e-05	18.9	-
Q11101	4.5e-05	18.4	-
Q8MVC4	0.00052	15.0	-
Q8WPG5	0.15	7.0	-
