query	subject	e_value	bitscore	pident	length
A1KAA5	sp|P12111|CO6A3_HUMAN	2.1	20.4	25.882	85
P69212	sp|P12111|CO6A3_HUMAN	1.5	19.2	47.368	19
Q84GJ3	sp|P12111|CO6A3_HUMAN	4.3	20.0	40.0	30
Q84GJ3	sp|P12111|CO6A3_HUMAN	7.5	19.2	25.843	89
Q84GJ3	sp|Q9BQY6|WFDC6_HUMAN	5.8	19.2	26.042	96
Q84GJ3	sp|Q2UY09|COSA1_HUMAN	5.9	19.6	25.0	24
Q84GJ3	sp|O95428|PPN_HUMAN	9.1	18.9	29.412	34
Q54XF2	sp|P12111|CO6A3_HUMAN	2.5	19.6	25.532	47
Q54XF2	sp|P12111|CO6A3_HUMAN	4.3	18.9	37.5	32
Q54XF2	sp|P05067|A4_HUMAN	3.2	19.2	29.787	47
Q54XF2	sp|P02760|AMBP_HUMAN	4.1	18.9	21.277	47
Q54XF2	sp|P02760|AMBP_HUMAN	7.3	18.1	24.324	37
Q54XF2	sp|Q06481|APLP2_HUMAN	6.6	18.1	28.205	39
Q54XF2	sp|Q02388|CO7A1_HUMAN	7.7	18.1	34.884	43
Q1RJI9	sp|Q02388|CO7A1_HUMAN	1.2	21.9	24.59	61
Q1RJI9	sp|Q2UY09|COSA1_HUMAN	2.5	20.8	27.692	65
Q1RJI9	sp|Q2UY09|COSA1_HUMAN	8.5	18.9	47.059	17
Q1RJI9	sp|P12111|CO6A3_HUMAN	4.3	20.0	33.333	42
Q1RJI9	sp|P12111|CO6A3_HUMAN	8.4	19.2	32.558	43
Q1RJI9	sp|P12111|CO6A3_HUMAN	8.9	18.9	25.0	48
A9WB45	sp|P05067|A4_HUMAN	1.2	22.3	26.316	38
A9WB45	sp|P05067|A4_HUMAN	7.1	20.0	25.0	72
A9WB45	sp|Q8IUA0|WFDC8_HUMAN	1.5	21.9	31.034	29
A9WB45	sp|Q96NZ8|WFKN1_HUMAN	3.2	20.8	19.672	61
A9WB45	sp|Q02388|CO7A1_HUMAN	3.2	21.2	32.075	53
A9WB45	sp|P12111|CO6A3_HUMAN	7.0	20.0	35.0	20
Q9RA51	sp|Q2UY09|COSA1_HUMAN	2.7	20.4	29.167	48
Q9RA51	sp|Q8TEU8|WFKN2_HUMAN	3.2	20.4	28.205	39
Q9RA51	sp|P05067|A4_HUMAN	4.7	19.6	40.0	35
Q9RA51	sp|O43278|SPIT1_HUMAN	5.9	19.2	42.857	14
Q9RA51	sp|Q96NZ8|WFKN1_HUMAN	6.4	19.2	25.0	44
Q9RA51	sp|Q02388|CO7A1_HUMAN	7.7	19.2	42.857	21
Q9RA51	sp|P12111|CO6A3_HUMAN	9.7	18.9	33.333	36
Q9RA51	sp|P12111|CO6A3_HUMAN	9.9	18.9	33.333	39
Q42972	sp|Q96NZ8|WFKN1_HUMAN	0.4	23.1	28.125	64
Q42972	sp|Q96NZ8|WFKN1_HUMAN	2.6	20.4	30.909	55
Q42972	sp|Q96NZ8|WFKN1_HUMAN	4.3	19.6	55.0	20
Q42972	sp|Q8TEU8|WFKN2_HUMAN	1.1	21.6	70.0	10
Q42972	sp|Q2UY09|COSA1_HUMAN	2.1	20.8	27.5	40
Q42972	sp|O95428|PPN_HUMAN	3.1	20.4	30.612	49
Q42972	sp|P02760|AMBP_HUMAN	4.1	19.6	34.884	43
Q28719	sp|Q02388|CO7A1_HUMAN	0.89	21.9	34.146	41
Q28719	sp|O95428|PPN_HUMAN	2.8	20.4	45.455	22
Q28719	sp|P12111|CO6A3_HUMAN	3.9	20.0	33.333	30
Q28719	sp|P12111|CO6A3_HUMAN	6.7	19.2	34.615	26
Q12414	sp|P02760|AMBP_HUMAN	0.43	25.4	35.135	37
Q12414	sp|P12111|CO6A3_HUMAN	2.2	23.1	50.0	16
Q12414	sp|Q02388|CO7A1_HUMAN	3.6	22.7	30.769	52
Q7LZ71	sp|Q06481|APLP2_HUMAN	1.6	19.2	29.63	27
Q7LZ71	sp|O43278|SPIT1_HUMAN	5.4	17.7	22.917	48
Q7LZ71	sp|Q8TEU8|WFKN2_HUMAN	6.5	17.3	25.0	20
Q18LF8	sp|Q02388|CO7A1_HUMAN	1.5	22.3	47.619	21
Q18LF8	sp|Q8IUA0|WFDC8_HUMAN	2.7	21.2	33.333	24
Q332W1	sp|Q8TEU8|WFKN2_HUMAN	0.77	19.2	40.909	22
Q332W1	sp|Q06481|APLP2_HUMAN	4.4	17.3	54.545	11
Q332W1	sp|Q02388|CO7A1_HUMAN	6.4	16.5	37.931	29
Q332W1	sp|Q02388|CO7A1_HUMAN	8.6	16.2	60.0	10
Q332W1	sp|P10646|TFPI1_HUMAN	8.9	16.2	71.429	7
Q9X295	sp|O43278|SPIT1_HUMAN	1.5	21.6	27.778	36
Q9X295	sp|Q2UY09|COSA1_HUMAN	3.1	20.4	30.0	50
Q9X295	sp|Q2UY09|COSA1_HUMAN	9.7	18.9	56.25	16
Q9X295	sp|Q02388|CO7A1_HUMAN	6.2	19.6	23.333	60
Q9X295	sp|P05067|A4_HUMAN	8.5	18.9	28.889	45
Q9X295	sp|P12111|CO6A3_HUMAN	8.6	19.2	40.909	22
P97570	sp|P12111|CO6A3_HUMAN	0.065	26.9	27.419	62
P97570	sp|P12111|CO6A3_HUMAN	3.3	21.6	43.478	23
P97570	sp|P12111|CO6A3_HUMAN	3.5	21.6	35.556	45
P97570	sp|P12111|CO6A3_HUMAN	4.2	21.2	45.455	22
P97570	sp|O43278|SPIT1_HUMAN	4.1	21.2	28.814	59
P97570	sp|P49223|SPIT3_HUMAN	4.6	20.0	40.0	15
P97570	sp|Q2UY09|COSA1_HUMAN	4.8	20.8	27.778	36
P51242	sp|P12111|CO6A3_HUMAN	0.4	23.9	40.0	35
P51242	sp|P12111|CO6A3_HUMAN	8.7	19.2	33.333	21
P51242	sp|Q02388|CO7A1_HUMAN	1.2	22.3	42.424	33
P51242	sp|P10646|TFPI1_HUMAN	4.9	20.0	30.0	20
P51242	sp|Q2UY09|COSA1_HUMAN	9.7	19.2	32.143	28
Q07759	sp|P12111|CO6A3_HUMAN	0.27	24.6	25.455	110
Q07759	sp|Q02388|CO7A1_HUMAN	2.2	21.6	32.432	37
Q07759	sp|Q02388|CO7A1_HUMAN	6.2	20.0	43.75	16
Q07759	sp|Q02388|CO7A1_HUMAN	6.2	20.0	34.043	47
Q07759	sp|O95428|PPN_HUMAN	3.7	20.8	36.842	19
Q07759	sp|P05067|A4_HUMAN	5.1	20.4	36.364	22
Q07759	sp|P05067|A4_HUMAN	5.2	20.4	24.324	74
Q1GTM7	sp|P12111|CO6A3_HUMAN	4.5	19.6	33.333	27
Q1GTM7	sp|P12111|CO6A3_HUMAN	8.3	18.9	26.531	49
Q1GTM7	sp|Q06481|APLP2_HUMAN	4.8	19.6	36.0	25
Q48C90	sp|P12111|CO6A3_HUMAN	1.9	19.6	58.333	12
Q48C90	sp|P12111|CO6A3_HUMAN	3.4	18.9	24.39	41
Q48C90	sp|P12111|CO6A3_HUMAN	8.3	17.7	25.275	91
Q48C90	sp|Q02388|CO7A1_HUMAN	6.0	18.1	42.105	19
Q8C779	sp|Q96NZ8|WFKN1_HUMAN	1.4	22.7	34.375	32
Q8C779	sp|Q96NZ8|WFKN1_HUMAN	8.7	20.0	37.931	29
Q8C779	sp|Q96NZ8|WFKN1_HUMAN	9.3	20.0	37.037	27
Q8C779	sp|P05067|A4_HUMAN	2.6	21.9	26.471	34
Q8C779	sp|Q02388|CO7A1_HUMAN	3.8	21.6	34.483	29
Q8C779	sp|O43291|SPIT2_HUMAN	4.2	20.8	30.233	43
O43913	sp|O95428|PPN_HUMAN	3.0	20.8	26.667	30
O43913	sp|P12111|CO6A3_HUMAN	9.5	19.2	37.5	24
B7HCQ3	sp|Q02388|CO7A1_HUMAN	0.098	25.4	48.276	29
B7HCQ3	sp|Q02388|CO7A1_HUMAN	1.4	21.6	30.357	56
B7HCQ3	sp|Q02388|CO7A1_HUMAN	7.8	19.2	47.368	19
Q0ICI5	sp|O43278|SPIT1_HUMAN	0.97	21.9	35.714	28
Q0ICI5	sp|Q02388|CO7A1_HUMAN	7.5	19.2	33.333	27
A9BGW2	sp|Q02388|CO7A1_HUMAN	0.65	23.5	27.907	86
A9BGW2	sp|Q02388|CO7A1_HUMAN	3.5	20.8	50.0	14
A9BGW2	sp|P12111|CO6A3_HUMAN	9.5	19.6	50.0	12
Q8AXS4	sp|P12111|CO6A3_HUMAN	1.6	20.0	45.0	20
Q8AXS4	sp|P12111|CO6A3_HUMAN	1.9	19.6	30.233	43
Q8AXS4	sp|Q8TEU8|WFKN2_HUMAN	1.6	19.6	25.0	44
Q8AXS4	sp|Q8IUA0|WFDC8_HUMAN	5.8	18.1	50.0	18
B5ERJ0	sp|Q02388|CO7A1_HUMAN	2.7	20.8	30.435	69
B5ERJ0	sp|P12111|CO6A3_HUMAN	3.2	20.4	31.746	63
B5ERJ0	sp|P12111|CO6A3_HUMAN	6.3	19.6	50.0	12
B5ERJ0	sp|P05067|A4_HUMAN	3.6	20.4	25.0	52
Q0TKT1	sp|P12111|CO6A3_HUMAN	0.26	25.4	25.0	72
Q0TKT1	sp|P12111|CO6A3_HUMAN	8.9	20.4	29.032	31
Q0TKT1	sp|Q2UY09|COSA1_HUMAN	0.58	24.3	28.571	35
Q0TKT1	sp|O95428|PPN_HUMAN	1.6	23.1	28.571	42
Q0TKT1	sp|O95428|PPN_HUMAN	7.3	20.8	27.273	55
Q0TKT1	sp|Q8IUA0|WFDC8_HUMAN	4.7	21.2	30.0	20
Q0TKT1	sp|P05067|A4_HUMAN	9.2	20.4	38.095	21
A8F8B7	sp|O43278|SPIT1_HUMAN	0.28	25.0	32.258	31
A8F8B7	sp|Q02388|CO7A1_HUMAN	2.2	21.9	28.571	77
Q9P7Q7	sp|O95428|PPN_HUMAN	4.7	21.9	28.571	77
Q9P7Q7	sp|Q02388|CO7A1_HUMAN	6.0	21.9	36.364	22
Q9P7Q7	sp|Q02388|CO7A1_HUMAN	9.7	21.2	28.571	21
Q9P7Q7	sp|O43291|SPIT2_HUMAN	6.7	21.2	26.19	84
Q9P7Q7	sp|P12111|CO6A3_HUMAN	8.4	21.2	36.364	22
Q6Q8B3	sp|Q96NZ8|WFKN1_HUMAN	2.1	20.4	34.375	32
Q6Q8B3	sp|O95428|PPN_HUMAN	3.5	19.6	32.692	52
Q6Q8B3	sp|P02760|AMBP_HUMAN	5.5	18.9	50.0	14
Q6Q8B3	sp|P12111|CO6A3_HUMAN	7.6	18.5	38.235	34
C1B025	sp|Q06481|APLP2_HUMAN	1.6	17.7	35.294	17
Q8MJ03	sp|P12111|CO6A3_HUMAN	8.7	21.6	34.483	29
Q8MJ03	sp|O43278|SPIT1_HUMAN	9.0	21.6	27.419	62
B3W8W8	sp|Q02388|CO7A1_HUMAN	0.48	18.5	42.857	14
B3W8W8	sp|P02760|AMBP_HUMAN	3.0	16.5	31.818	22
B0BST5	sp|P12111|CO6A3_HUMAN	0.77	19.6	41.667	24
B0BST5	sp|Q2UY09|COSA1_HUMAN	9.9	16.2	35.294	17
Q6PGT3	sp|P12111|CO6A3_HUMAN	2.6	21.6	36.842	19
Q6PGT3	sp|Q8TEU8|WFKN2_HUMAN	2.8	21.6	31.25	32
Q6PGT3	sp|Q8TEU8|WFKN2_HUMAN	9.9	19.6	30.303	33
Q6PGT3	sp|Q8IUA0|WFDC8_HUMAN	5.8	20.4	32.558	43
Q6PGT3	sp|P02760|AMBP_HUMAN	6.1	20.4	54.545	11
Q6PGT3	sp|Q6UDR6|SPIT4_HUMAN	9.8	18.9	34.615	26
Q8JN60	sp|O95428|PPN_HUMAN	0.006	32.0	28.261	92
Q8JN60	sp|O95428|PPN_HUMAN	0.47	25.8	23.346	257
Q8JN60	sp|O95428|PPN_HUMAN	6.5	21.9	39.286	28
Q8JN60	sp|P12111|CO6A3_HUMAN	1.3	24.3	37.838	37
Q8JN60	sp|P12111|CO6A3_HUMAN	2.4	23.5	47.059	17
Q8JN60	sp|P12111|CO6A3_HUMAN	5.2	22.3	23.596	89
Q8JN60	sp|P12111|CO6A3_HUMAN	7.1	21.9	25.0	52
Q8JN60	sp|P12111|CO6A3_HUMAN	9.6	21.6	35.135	37
Q8JN60	sp|Q8IUA0|WFDC8_HUMAN	3.1	22.7	35.417	48
Q8JN60	sp|Q02388|CO7A1_HUMAN	4.7	22.7	34.884	43
Q8JN60	sp|Q02388|CO7A1_HUMAN	8.7	21.6	31.034	58
Q8JN60	sp|Q02388|CO7A1_HUMAN	9.3	21.6	32.258	31
Q5L715	sp|P12111|CO6A3_HUMAN	0.75	20.0	27.66	47
Q5L715	sp|Q02388|CO7A1_HUMAN	2.5	18.5	36.842	19
Q5L715	sp|Q96NZ8|WFKN1_HUMAN	5.0	17.7	77.778	9
Q914J3	sp|P12111|CO6A3_HUMAN	0.88	19.2	24.59	61
Q914J3	sp|P12111|CO6A3_HUMAN	5.7	16.9	37.5	32
A5U8B7	sp|P12111|CO6A3_HUMAN	0.18	24.6	27.941	68
A5U8B7	sp|P12111|CO6A3_HUMAN	2.6	20.8	26.562	64
A5U8B7	sp|P12111|CO6A3_HUMAN	7.5	19.6	23.75	80
A5U8B7	sp|Q96NZ8|WFKN1_HUMAN	7.3	19.2	30.0	30
C0MCB8	sp|Q2UY09|COSA1_HUMAN	0.38	19.6	44.444	18
C0MCB8	sp|Q2UY09|COSA1_HUMAN	8.2	15.8	42.857	14
C0MCB8	sp|P12111|CO6A3_HUMAN	2.7	17.3	32.0	25
C0MCB8	sp|P12111|CO6A3_HUMAN	8.8	15.8	41.667	12
C0MCB8	sp|Q06481|APLP2_HUMAN	5.5	16.5	43.478	23
C0MCB8	sp|P05067|A4_HUMAN	7.5	16.2	26.415	53
P53937	sp|Q02388|CO7A1_HUMAN	2.3	19.2	26.923	26
P53937	sp|Q02388|CO7A1_HUMAN	3.0	18.9	54.545	11
P53937	sp|Q6UDR6|SPIT4_HUMAN	5.0	17.7	35.484	31
P53937	sp|O95428|PPN_HUMAN	7.4	17.7	45.455	11
P53937	sp|P12111|CO6A3_HUMAN	8.8	17.3	30.303	33
Q9C633	sp|Q2UY09|COSA1_HUMAN	4.6	19.2	27.027	37
Q9C633	sp|P49223|SPIT3_HUMAN	5.5	18.1	38.71	31
Q9C633	sp|Q02388|CO7A1_HUMAN	8.2	18.5	25.862	58
B4TZX8	sp|Q2UY09|COSA1_HUMAN	6.6	15.8	27.273	33
B4TZX8	sp|P12111|CO6A3_HUMAN	8.4	15.4	85.714	7
B4TZX8	sp|P12111|CO6A3_HUMAN	9.1	15.4	47.059	17
P21688	sp|O43278|SPIT1_HUMAN	2.8	19.2	22.581	31
P21688	sp|P12111|CO6A3_HUMAN	3.7	18.9	46.667	15
P21688	sp|O95428|PPN_HUMAN	5.1	18.5	32.258	31
P21688	sp|O95428|PPN_HUMAN	7.2	18.1	25.0	76
P21688	sp|Q02388|CO7A1_HUMAN	5.7	18.1	26.316	76
O58307	sp|Q02388|CO7A1_HUMAN	7.2	17.7	53.846	13
O58307	sp|Q8IUA0|WFDC8_HUMAN	7.5	17.7	31.579	38
Q8W4J9	sp|O95925|EPPI_HUMAN	2.1	21.6	25.714	35
Q8W4J9	sp|P05067|A4_HUMAN	3.1	21.6	26.087	46
Q8W4J9	sp|P05067|A4_HUMAN	4.9	21.2	23.913	46
Q8W4J9	sp|O95428|PPN_HUMAN	3.2	21.6	20.339	177
Q8W4J9	sp|P12111|CO6A3_HUMAN	3.2	21.6	62.5	16
Q8W4J9	sp|Q8TEU8|WFKN2_HUMAN	6.3	20.8	40.909	22
Q2MY43	sp|O95428|PPN_HUMAN	0.99	21.9	40.0	30
Q2MY43	sp|Q8TEU8|WFKN2_HUMAN	1.4	21.6	30.233	43
Q2MY43	sp|Q96NZ8|WFKN1_HUMAN	2.5	20.8	27.907	43
Q2MY43	sp|Q2UY09|COSA1_HUMAN	2.8	20.4	21.951	82
Q2MY43	sp|Q2UY09|COSA1_HUMAN	8.7	18.9	27.586	58
Q2MY43	sp|P12111|CO6A3_HUMAN	3.9	20.0	25.0	64
Q2MY43	sp|Q9BQY6|WFDC6_HUMAN	7.2	18.9	30.769	39
Q92196	sp|Q02388|CO7A1_HUMAN	2.5	19.2	38.462	26
Q92196	sp|O95428|PPN_HUMAN	8.6	17.7	25.333	75
P67819	sp|Q2UY09|COSA1_HUMAN	1.7	19.6	36.842	19
Q34683	sp|P12111|CO6A3_HUMAN	0.63	22.7	55.0	20
Q34683	sp|Q02388|CO7A1_HUMAN	5.0	19.6	31.429	35
Q34683	sp|Q02388|CO7A1_HUMAN	7.5	19.2	47.826	23
Q34683	sp|O43278|SPIT1_HUMAN	8.3	18.9	29.412	34
Q9I0M3	sp|P12111|CO6A3_HUMAN	0.29	25.0	26.667	75
Q9I0M3	sp|P12111|CO6A3_HUMAN	0.7	23.9	36.364	22
Q9I0M3	sp|P12111|CO6A3_HUMAN	2.4	21.9	33.333	48
Q9I0M3	sp|P12111|CO6A3_HUMAN	4.5	21.2	52.941	17
Q9I0M3	sp|P12111|CO6A3_HUMAN	5.1	20.8	40.909	22
Q9I0M3	sp|P12111|CO6A3_HUMAN	5.9	20.8	62.5	16
Q9I0M3	sp|P12111|CO6A3_HUMAN	7.3	20.4	27.5	40
Q9I0M3	sp|O95428|PPN_HUMAN	2.3	21.9	31.429	35
Q9I0M3	sp|O95428|PPN_HUMAN	4.5	21.2	46.667	15
Q9I0M3	sp|Q02388|CO7A1_HUMAN	7.7	20.4	34.615	26
C1CAV6	sp|P12111|CO6A3_HUMAN	5.5	19.6	25.806	31
C1CAV6	sp|P12111|CO6A3_HUMAN	5.5	19.6	28.571	49
C1CAV6	sp|Q02388|CO7A1_HUMAN	5.8	19.6	32.5	40
Q8BHG9	sp|P12111|CO6A3_HUMAN	4.4	18.5	42.308	26
Q8BHG9	sp|P12111|CO6A3_HUMAN	8.4	17.7	29.63	27
Q8BHG9	sp|Q96NZ8|WFKN1_HUMAN	4.6	18.5	40.909	22
Q8BHG9	sp|O95428|PPN_HUMAN	5.0	18.5	46.667	15
Q8BHG9	sp|O43278|SPIT1_HUMAN	7.1	17.7	26.471	34
Q8BHG9	sp|P48307|TFPI2_HUMAN	7.4	17.7	45.455	11
Q8BHG9	sp|P05067|A4_HUMAN	7.5	17.7	24.658	73
Q8BHG9	sp|P10646|TFPI1_HUMAN	8.2	17.7	54.545	11
Q51910	sp|P12111|CO6A3_HUMAN	2.9	21.6	53.333	15
Q51910	sp|P12111|CO6A3_HUMAN	3.2	21.6	21.053	57
Q51910	sp|O95428|PPN_HUMAN	4.0	21.2	36.111	36
Q51910	sp|Q96NZ8|WFKN1_HUMAN	4.4	20.8	50.0	14
Q51910	sp|P02760|AMBP_HUMAN	8.6	19.6	18.75	64
B5XPB9	sp|P12111|CO6A3_HUMAN	0.2	25.8	22.881	118
B5XPB9	sp|Q9BQY6|WFDC6_HUMAN	2.3	21.6	42.857	14
B7NLK8	sp|Q02388|CO7A1_HUMAN	0.55	23.1	43.333	30
B7NLK8	sp|Q2UY09|COSA1_HUMAN	2.3	21.2	41.379	29
B7NLK8	sp|Q06481|APLP2_HUMAN	3.6	20.4	23.256	86
B7NLK8	sp|P12111|CO6A3_HUMAN	9.9	18.9	35.484	31
B7LT86	sp|Q2UY09|COSA1_HUMAN	0.11	25.4	40.0	30
B7LT86	sp|Q02388|CO7A1_HUMAN	0.42	23.9	25.352	71
B7LT86	sp|O95428|PPN_HUMAN	4.4	20.4	38.71	31
B7LT86	sp|P48307|TFPI2_HUMAN	8.2	19.2	38.095	21
B2TD41	sp|P10646|TFPI1_HUMAN	0.55	21.9	32.258	31
B2TD41	sp|P10646|TFPI1_HUMAN	2.2	20.0	32.0	25
B2TD41	sp|O95428|PPN_HUMAN	1.8	20.4	27.586	58
B2TD41	sp|O95428|PPN_HUMAN	4.7	19.2	31.481	54
B2TD41	sp|P49223|SPIT3_HUMAN	3.9	18.9	30.435	23
B2TD41	sp|Q8IUA0|WFDC8_HUMAN	4.8	18.9	37.5	16
B2TD41	sp|P12111|CO6A3_HUMAN	8.7	18.5	33.333	42
Q04BY9	sp|Q96NZ8|WFKN1_HUMAN	2.6	20.4	38.889	36
Q04BY9	sp|P12111|CO6A3_HUMAN	2.6	20.4	24.51	102
Q04BY9	sp|Q06481|APLP2_HUMAN	2.7	20.4	23.636	55
Q04BY9	sp|Q2UY09|COSA1_HUMAN	4.0	19.6	39.13	23
Q74HC8	sp|P48307|TFPI2_HUMAN	0.92	21.6	24.359	78
Q74HC8	sp|Q2UY09|COSA1_HUMAN	4.5	19.6	34.483	29
Q74HC8	sp|Q8TEU8|WFKN2_HUMAN	5.5	19.2	30.556	36
P04063	sp|P12111|CO6A3_HUMAN	1.8	21.6	27.273	66
P04063	sp|Q8TEU8|WFKN2_HUMAN	5.1	20.0	25.714	35
P04063	sp|Q02388|CO7A1_HUMAN	5.1	20.0	37.5	24
C3LQT6	sp|P02760|AMBP_HUMAN	1.9	20.4	31.579	57
C3LQT6	sp|Q02388|CO7A1_HUMAN	9.7	18.1	42.105	19
Q812R8	sp|Q02388|CO7A1_HUMAN	4.5	17.3	28.571	21
Q812R8	sp|O95428|PPN_HUMAN	4.6	17.3	50.0	10
Q54UD0	sp|O43291|SPIT2_HUMAN	5.4	19.2	26.316	19
Q54UD0	sp|Q02388|CO7A1_HUMAN	8.4	18.9	28.0	75
Q54UD0	sp|Q02388|CO7A1_HUMAN	9.2	18.5	52.632	19
B7VJ87	sp|P12111|CO6A3_HUMAN	1.8	22.7	34.146	41
B7VJ87	sp|P12111|CO6A3_HUMAN	6.3	20.8	45.455	22
B7VJ87	sp|P10646|TFPI1_HUMAN	4.3	21.2	30.435	23
B7VJ87	sp|P48307|TFPI2_HUMAN	6.7	20.4	30.0	20
B7VJ87	sp|O43278|SPIT1_HUMAN	8.0	20.4	33.333	21
Q5UNT8	sp|Q8TEU8|WFKN2_HUMAN	0.23	23.1	22.034	59
Q5UNT8	sp|Q2UY09|COSA1_HUMAN	0.97	21.2	23.913	92
Q5UNT8	sp|P05067|A4_HUMAN	9.8	18.1	24.074	54
C0Z4E5	sp|O95428|PPN_HUMAN	3.1	20.8	28.571	49
C0Z4E5	sp|O95428|PPN_HUMAN	4.5	20.4	53.846	13
C0Z4E5	sp|P12111|CO6A3_HUMAN	4.1	20.4	31.034	29
Q7SBC5	sp|P12111|CO6A3_HUMAN	0.24	24.3	36.0	25
Q7SBC5	sp|Q02388|CO7A1_HUMAN	4.0	20.0	40.0	20
Q7SBC5	sp|O43278|SPIT1_HUMAN	6.6	19.2	23.214	56
Q7SBC5	sp|P48307|TFPI2_HUMAN	9.8	18.5	21.053	38
Q1CJK4	sp|P05067|A4_HUMAN	1.3	21.2	41.667	24
Q1CJK4	sp|Q06481|APLP2_HUMAN	3.4	20.0	42.857	21
Q1CJK4	sp|Q8TEU8|WFKN2_HUMAN	3.9	19.6	30.435	46
Q1CJK4	sp|P02760|AMBP_HUMAN	8.9	18.5	31.818	44
Q1CJK4	sp|O43278|SPIT1_HUMAN	9.5	18.5	58.333	12
A5GN78	sp|O95428|PPN_HUMAN	1.0	20.0	40.741	27
A5GN78	sp|Q02388|CO7A1_HUMAN	4.1	18.1	47.059	17
A5GN78	sp|P12111|CO6A3_HUMAN	5.9	17.7	37.5	16
A5GN78	sp|P12111|CO6A3_HUMAN	6.5	17.3	31.818	22
Q9SYT0	sp|P02760|AMBP_HUMAN	0.17	23.9	35.294	34
Q9SYT0	sp|P10646|TFPI1_HUMAN	2.1	20.4	46.667	15
Q9SYT0	sp|P12111|CO6A3_HUMAN	2.1	20.8	29.545	44
Q9SYT0	sp|P12111|CO6A3_HUMAN	2.3	20.4	41.935	31
Q9SYT0	sp|P12111|CO6A3_HUMAN	3.5	20.0	25.397	63
Q9SYT0	sp|P12111|CO6A3_HUMAN	5.5	19.2	31.818	44
Q9SYT0	sp|O43278|SPIT1_HUMAN	4.3	19.6	25.352	71
Q2RQY4	sp|Q02388|CO7A1_HUMAN	4.6	19.6	53.333	15
Q2RQY4	sp|Q02388|CO7A1_HUMAN	9.0	18.9	28.358	67
Q2RQY4	sp|Q06481|APLP2_HUMAN	8.0	18.9	17.391	23
Q2RQY4	sp|O95428|PPN_HUMAN	8.2	18.9	46.667	15
Q2RQY4	sp|P12111|CO6A3_HUMAN	8.5	18.9	29.032	62
Q2MJV8	sp|Q8TEU8|WFKN2_HUMAN	2.0	21.2	34.483	29
Q2MJV8	sp|Q06481|APLP2_HUMAN	4.7	19.6	37.838	37
Q2MJV8	sp|O43278|SPIT1_HUMAN	5.9	19.6	26.606	109
Q2MJV8	sp|P12111|CO6A3_HUMAN	8.1	19.2	30.769	26
Q2MJV8	sp|P12111|CO6A3_HUMAN	9.8	18.9	25.0	52
A3CLS2	sp|Q02388|CO7A1_HUMAN	0.014	26.6	38.298	47
A3CLS2	sp|Q02388|CO7A1_HUMAN	0.52	21.9	33.333	48
A3CLS2	sp|P12111|CO6A3_HUMAN	0.16	23.5	24.038	104
A3CLS2	sp|P12111|CO6A3_HUMAN	1.2	20.8	21.795	78
A3CLS2	sp|P12111|CO6A3_HUMAN	3.5	19.2	58.333	12
A3CLS2	sp|P12111|CO6A3_HUMAN	4.6	18.9	36.0	25
A3CLS2	sp|P12111|CO6A3_HUMAN	4.6	18.9	29.032	31
A3CLS2	sp|Q6UDR6|SPIT4_HUMAN	7.5	17.7	42.857	14
P15187	sp|P10646|TFPI1_HUMAN	0.6	23.5	29.032	31
P15187	sp|P10646|TFPI1_HUMAN	7.5	20.0	33.333	27
P15187	sp|O95428|PPN_HUMAN	3.1	21.6	28.261	46
P15187	sp|O95428|PPN_HUMAN	4.4	21.2	20.619	97
P15187	sp|Q02388|CO7A1_HUMAN	7.0	20.4	22.414	58
P15187	sp|P05067|A4_HUMAN	7.5	20.4	22.535	71
P15187	sp|P12111|CO6A3_HUMAN	9.8	20.0	40.909	22
Q7A184	sp|P12111|CO6A3_HUMAN	0.11	21.9	30.435	46
Q7A184	sp|P12111|CO6A3_HUMAN	1.7	18.9	54.545	11
Q7A184	sp|P05067|A4_HUMAN	9.9	16.5	43.75	16
C5FZT5	sp|O95428|PPN_HUMAN	4.5	20.0	42.857	14
Q08506	sp|P10646|TFPI1_HUMAN	0.34	23.1	31.579	57
Q08506	sp|O95428|PPN_HUMAN	4.2	19.6	32.143	28
Q08506	sp|O95428|PPN_HUMAN	4.4	19.6	45.0	20
Q08506	sp|P12111|CO6A3_HUMAN	5.3	19.2	27.941	68
Q08506	sp|P12111|CO6A3_HUMAN	9.2	18.5	29.688	64
Q08506	sp|Q02388|CO7A1_HUMAN	8.6	18.9	28.947	38
Q08506	sp|Q02388|CO7A1_HUMAN	8.9	18.9	43.75	16
A2RNN8	sp|Q02388|CO7A1_HUMAN	0.65	21.2	41.667	36
A2RNN8	sp|O95428|PPN_HUMAN	1.6	20.0	28.846	52
A2RNN8	sp|O95428|PPN_HUMAN	2.2	19.6	34.146	41
A2RNN8	sp|P12111|CO6A3_HUMAN	3.9	18.9	41.667	24
A2RNN8	sp|P12111|CO6A3_HUMAN	5.6	18.5	17.949	39
A2RNN8	sp|P12111|CO6A3_HUMAN	7.6	18.1	30.769	39
A2RNN8	sp|P12111|CO6A3_HUMAN	9.8	17.7	44.444	27
A2RNN8	sp|Q2UY09|COSA1_HUMAN	9.3	17.7	66.667	9
Q0C8Z1	sp|P12111|CO6A3_HUMAN	0.81	21.9	46.154	26
Q0C8Z1	sp|P12111|CO6A3_HUMAN	6.7	18.9	26.582	79
Q9DFR6	sp|P12111|CO6A3_HUMAN	0.12	23.1	26.667	45
Q9DFR6	sp|P12111|CO6A3_HUMAN	5.6	18.1	23.684	38
Q9DFR6	sp|Q02388|CO7A1_HUMAN	1.4	20.0	32.692	52
Q9DFR6	sp|Q8TEU8|WFKN2_HUMAN	1.8	19.6	42.857	14
Q9DFR6	sp|Q06481|APLP2_HUMAN	7.0	17.7	43.75	16
P0A3L6	sp|Q96NZ8|WFKN1_HUMAN	2.7	19.6	32.432	37
P0A3L6	sp|Q8TEU8|WFKN2_HUMAN	8.6	18.1	30.612	49
P0A3L6	sp|P12111|CO6A3_HUMAN	9.1	18.1	23.077	39
Q5I7K9	sp|Q06481|APLP2_HUMAN	1.1	19.6	46.667	15
B0Y3W4	sp|Q02388|CO7A1_HUMAN	0.87	22.7	34.375	32
B0Y3W4	sp|Q02388|CO7A1_HUMAN	4.2	20.4	64.286	14
B0Y3W4	sp|P12111|CO6A3_HUMAN	1.3	21.9	50.0	24
B0Y3W4	sp|P12111|CO6A3_HUMAN	5.0	20.0	38.095	21
B0Y3W4	sp|P12111|CO6A3_HUMAN	9.8	19.2	53.846	13
B0Y3W4	sp|P05067|A4_HUMAN	4.2	20.4	33.333	18
Q6UXB1	sp|P12111|CO6A3_HUMAN	2.9	18.5	37.5	16
Q6UXB1	sp|O43278|SPIT1_HUMAN	8.9	16.9	62.5	8
A9WMF8	sp|Q02388|CO7A1_HUMAN	6.8	19.6	34.884	43
Q59PR3	sp|Q02388|CO7A1_HUMAN	0.46	23.5	27.778	36
Q59PR3	sp|Q02388|CO7A1_HUMAN	9.0	19.2	44.444	18
Q59PR3	sp|Q06481|APLP2_HUMAN	1.2	21.9	31.148	61
Q59PR3	sp|Q96NZ8|WFKN1_HUMAN	2.4	20.8	37.931	29
Q59PR3	sp|P05067|A4_HUMAN	6.1	19.6	27.941	68
Q6IR61	sp|Q6UDR6|SPIT4_HUMAN	4.2	18.9	25.806	31
Q6IR61	sp|P12111|CO6A3_HUMAN	6.8	18.9	40.0	20
Q6IR61	sp|O95428|PPN_HUMAN	9.1	18.5	85.714	7
Q1BZD6	sp|P05067|A4_HUMAN	0.46	23.9	25.926	54
Q1BZD6	sp|P05067|A4_HUMAN	1.2	22.3	38.462	39
Q1BZD6	sp|Q02388|CO7A1_HUMAN	6.5	20.0	42.424	33
Q1BZD6	sp|P12111|CO6A3_HUMAN	7.4	20.0	22.581	62
Q1BZD6	sp|O43278|SPIT1_HUMAN	8.4	19.6	80.0	10
P0DI70	sp|Q02388|CO7A1_HUMAN	0.43	21.9	57.143	14
P0DI70	sp|P02760|AMBP_HUMAN	4.1	18.5	30.0	20
B5BA35	sp|Q06481|APLP2_HUMAN	3.0	20.0	38.71	31
B5BA35	sp|Q06481|APLP2_HUMAN	4.3	19.6	50.0	14
B5BA35	sp|Q2UY09|COSA1_HUMAN	3.6	20.0	54.545	11
B5BA35	sp|Q02388|CO7A1_HUMAN	4.2	19.6	47.619	21
B5BA35	sp|Q02388|CO7A1_HUMAN	7.8	18.9	56.25	16
Q1C6B0	sp|Q8TEU8|WFKN2_HUMAN	0.34	22.3	35.484	31
Q1C6B0	sp|Q06481|APLP2_HUMAN	2.2	20.0	40.909	22
Q1C6B0	sp|Q9BQY6|WFDC6_HUMAN	8.0	17.7	23.529	51
A9MHX5	sp|P12111|CO6A3_HUMAN	0.44	23.5	27.273	110
A9MHX5	sp|P12111|CO6A3_HUMAN	4.0	20.4	36.842	38
A9MHX5	sp|Q02388|CO7A1_HUMAN	3.2	20.4	29.73	37
A7GES9	sp|Q06481|APLP2_HUMAN	2.2	21.2	24.176	91
A7GES9	sp|P12111|CO6A3_HUMAN	3.6	20.4	31.373	51
Q8Y6Q4	sp|P02760|AMBP_HUMAN	0.4	22.3	57.143	14
Q8Y6Q4	sp|Q2UY09|COSA1_HUMAN	5.7	18.9	23.567	157
Q8Y6Q4	sp|P12111|CO6A3_HUMAN	7.9	18.5	35.897	39
Q62981	sp|Q8TEU8|WFKN2_HUMAN	5.2	19.6	32.143	28
Q93246	sp|P10646|TFPI1_HUMAN	1.3	21.2	26.027	73
Q93246	sp|O95428|PPN_HUMAN	1.6	21.2	21.488	121
Q93246	sp|Q2UY09|COSA1_HUMAN	3.4	20.0	50.0	16
Q93246	sp|P12111|CO6A3_HUMAN	4.1	19.6	50.0	12
Q93246	sp|P12111|CO6A3_HUMAN	9.0	18.5	30.556	36
Q93246	sp|Q02388|CO7A1_HUMAN	8.3	18.9	34.146	41
A1A3C5	sp|P05067|A4_HUMAN	0.12	25.4	29.73	74
A1A3C5	sp|Q02388|CO7A1_HUMAN	3.0	20.8	27.869	61
A1A3C5	sp|Q02388|CO7A1_HUMAN	4.0	20.4	37.5	24
A1A3C5	sp|P02760|AMBP_HUMAN	3.6	20.4	20.896	67
A1A3C5	sp|P12111|CO6A3_HUMAN	5.3	20.0	25.806	62
B4HZE8	sp|O95428|PPN_HUMAN	2.1	21.6	30.0	50
B4HZE8	sp|P48307|TFPI2_HUMAN	2.9	20.8	53.846	13
B4HZE8	sp|P12111|CO6A3_HUMAN	7.3	19.6	58.824	17
B4HZE8	sp|Q96NZ8|WFKN1_HUMAN	7.7	19.6	31.481	54
B7I784	sp|P05067|A4_HUMAN	0.047	25.4	29.851	67
B7I784	sp|Q02388|CO7A1_HUMAN	2.7	20.0	36.667	30
Q0HSZ1	sp|P48307|TFPI2_HUMAN	2.7	20.0	35.294	34
Q0HSZ1	sp|Q8IUA0|WFDC8_HUMAN	3.6	19.6	37.5	24
Q0HSZ1	sp|Q8TEU8|WFKN2_HUMAN	4.1	19.6	23.077	65
Q0HSZ1	sp|O95428|PPN_HUMAN	4.8	19.2	37.5	32
Q0HSZ1	sp|Q02388|CO7A1_HUMAN	6.5	18.9	38.095	21
Q0HSZ1	sp|P12111|CO6A3_HUMAN	8.6	18.5	41.379	58
Q0HSZ1	sp|P12111|CO6A3_HUMAN	8.9	18.5	34.483	29
A9Y006	sp|Q02388|CO7A1_HUMAN	4.8	19.2	87.5	8
A9Y006	sp|Q2UY09|COSA1_HUMAN	7.1	18.9	40.0	20
C5A063	sp|P05067|A4_HUMAN	0.33	23.1	42.105	19
C5A063	sp|P05067|A4_HUMAN	6.8	18.9	28.571	49
C5A063	sp|P48307|TFPI2_HUMAN	9.9	18.1	31.25	16
C1L2R7	sp|Q06481|APLP2_HUMAN	4.0	20.4	33.929	56
C1L2R7	sp|Q06481|APLP2_HUMAN	7.3	19.2	30.0	50
Q6BWR0	sp|Q2UY09|COSA1_HUMAN	2.2	20.0	40.0	25
Q6BWR0	sp|Q02388|CO7A1_HUMAN	4.4	18.9	30.556	36
Q54087	sp|Q96NZ8|WFKN1_HUMAN	0.064	25.0	32.5	40
Q54087	sp|Q8TEU8|WFKN2_HUMAN	0.22	23.5	27.692	65
Q54087	sp|P12111|CO6A3_HUMAN	1.4	21.2	40.0	25
Q54087	sp|P12111|CO6A3_HUMAN	5.0	19.2	24.638	69
Q54087	sp|O95428|PPN_HUMAN	4.3	19.6	27.273	33
Q54087	sp|O95428|PPN_HUMAN	5.7	19.2	21.951	41
Q5P162	sp|Q2UY09|COSA1_HUMAN	3.5	20.4	83.333	6
Q5P162	sp|O43278|SPIT1_HUMAN	5.3	19.6	52.941	17
P09029	sp|P12111|CO6A3_HUMAN	2.9	20.4	40.741	27
P09029	sp|Q8IUA0|WFDC8_HUMAN	6.4	19.2	31.579	19
P09029	sp|O95428|PPN_HUMAN	7.0	19.2	60.0	10
A2BVC4	sp|O95428|PPN_HUMAN	0.72	21.2	30.769	52
A2BVC4	sp|O95428|PPN_HUMAN	3.4	18.9	40.741	27
A2BVC4	sp|P12111|CO6A3_HUMAN	2.2	19.6	40.909	22
A2BVC4	sp|P12111|CO6A3_HUMAN	4.9	18.5	33.333	27
A2BVC4	sp|P12111|CO6A3_HUMAN	5.7	18.5	36.667	30
A2BVC4	sp|Q02388|CO7A1_HUMAN	2.4	19.6	27.273	22
A2BVC4	sp|Q02388|CO7A1_HUMAN	4.8	18.5	38.889	18
A2BVC4	sp|Q8TEU8|WFKN2_HUMAN	4.3	18.5	53.846	13
Q9CBU2	sp|Q06481|APLP2_HUMAN	1.1	18.9	33.333	27
Q9CBU2	sp|O95428|PPN_HUMAN	1.5	18.5	35.484	31
Q9CBU2	sp|O43278|SPIT1_HUMAN	8.7	16.2	55.556	9
Q747Q2	sp|O95428|PPN_HUMAN	1.1	21.6	32.0	25
Q747Q2	sp|Q02388|CO7A1_HUMAN	1.6	21.2	26.263	99
Q747Q2	sp|Q02388|CO7A1_HUMAN	8.3	18.9	25.0	64
Q747Q2	sp|Q02388|CO7A1_HUMAN	8.9	18.9	37.5	24
Q747Q2	sp|Q2UY09|COSA1_HUMAN	6.4	19.2	43.75	16
Q747Q2	sp|P12111|CO6A3_HUMAN	9.5	18.9	53.846	13
A9BDA6	sp|P12111|CO6A3_HUMAN	2.8	18.5	37.5	16
A9BDA6	sp|P12111|CO6A3_HUMAN	7.5	17.3	60.0	10
A9BDA6	sp|Q02388|CO7A1_HUMAN	4.8	17.7	42.857	28
A9BDA6	sp|Q2UY09|COSA1_HUMAN	7.2	17.3	29.032	31
A1KS25	sp|P02760|AMBP_HUMAN	0.33	22.3	25.641	78
A1KS25	sp|P12111|CO6A3_HUMAN	1.1	20.8	29.412	34
A1KS25	sp|O43291|SPIT2_HUMAN	5.0	18.5	40.0	15
A1KS25	sp|Q02388|CO7A1_HUMAN	6.2	18.5	43.75	16
Q9CG17	sp|P12111|CO6A3_HUMAN	0.015	27.3	30.612	49
Q9CG17	sp|P05067|A4_HUMAN	4.5	19.2	36.842	19
Q29HT0	sp|P48307|TFPI2_HUMAN	3.5	20.0	24.561	57
Q29HT0	sp|Q02388|CO7A1_HUMAN	5.3	19.6	31.746	63
B6END8	sp|P12111|CO6A3_HUMAN	0.16	25.0	44.444	36
B6END8	sp|Q02388|CO7A1_HUMAN	1.1	21.9	37.209	43
B6END8	sp|Q02388|CO7A1_HUMAN	4.8	20.0	52.941	17
B6END8	sp|P02760|AMBP_HUMAN	3.6	20.4	35.556	45
Q54CJ3	sp|Q8TEU8|WFKN2_HUMAN	2.0	20.0	61.538	13
Q54CJ3	sp|P12111|CO6A3_HUMAN	2.3	20.0	21.698	106
Q54CJ3	sp|P12111|CO6A3_HUMAN	3.0	19.6	26.531	49
Q54CJ3	sp|O95428|PPN_HUMAN	4.5	19.2	34.615	26
F1PBJ0	sp|Q96NZ8|WFKN1_HUMAN	3.5	22.3	30.769	39
F1PBJ0	sp|Q02388|CO7A1_HUMAN	4.7	21.9	43.478	23
F1PBJ0	sp|P12111|CO6A3_HUMAN	6.8	21.6	38.462	26
F1PBJ0	sp|P12111|CO6A3_HUMAN	9.2	21.2	29.67	91
Q6LXQ4	sp|Q8TEU8|WFKN2_HUMAN	0.096	25.4	35.897	39
Q6LXQ4	sp|P12111|CO6A3_HUMAN	0.18	24.6	37.5	24
Q6LXQ4	sp|Q2UY09|COSA1_HUMAN	3.6	20.4	42.857	28
Q6LXQ4	sp|Q2UY09|COSA1_HUMAN	9.5	18.9	36.667	30
Q6LXQ4	sp|P05067|A4_HUMAN	4.1	20.4	28.571	35
Q6LXQ4	sp|O43278|SPIT1_HUMAN	8.2	19.2	23.913	46
Q9I9H8	sp|P12111|CO6A3_HUMAN	3.2	22.3	50.0	16
Q9I9H8	sp|Q02388|CO7A1_HUMAN	5.5	21.6	36.364	22
Q9I9H8	sp|Q96NZ8|WFKN1_HUMAN	7.6	20.8	42.857	14
O09486	sp|O43291|SPIT2_HUMAN	2.3	20.8	45.0	20
O09486	sp|Q96NZ8|WFKN1_HUMAN	2.6	20.8	28.333	60
O09486	sp|O43278|SPIT1_HUMAN	3.4	20.4	35.897	39
O09486	sp|Q06481|APLP2_HUMAN	7.6	19.2	42.857	14
O09486	sp|Q02388|CO7A1_HUMAN	8.5	19.2	30.0	60
O09486	sp|Q02388|CO7A1_HUMAN	9.8	18.9	37.5	32
A1KST5	sp|P12111|CO6A3_HUMAN	7.5	15.8	55.556	9
A0A3G5BID2	sp|Q96NZ8|WFKN1_HUMAN	0.021	26.2	46.154	26
A0A3G5BID2	sp|Q8TEU8|WFKN2_HUMAN	0.43	21.9	34.146	41
A0A3G5BID2	sp|O95428|PPN_HUMAN	0.75	21.2	40.0	20
A0A3G5BID2	sp|P12111|CO6A3_HUMAN	0.77	21.2	31.481	54
A0A3G5BID2	sp|P12111|CO6A3_HUMAN	2.7	19.6	52.941	17
A0A3G5BID2	sp|Q06481|APLP2_HUMAN	2.2	19.6	23.077	52
A0A3G5BID2	sp|Q2UY09|COSA1_HUMAN	3.3	19.2	85.714	7
A0A3G5BID2	sp|O95925|EPPI_HUMAN	6.2	18.1	41.176	17
A0A3G5BID2	sp|P10646|TFPI1_HUMAN	8.8	17.7	34.615	26
Q9N0B3	sp|Q2UY09|COSA1_HUMAN	0.049	26.2	38.182	55
Q9N0B3	sp|Q2UY09|COSA1_HUMAN	0.16	24.6	34.694	49
Q9N0B3	sp|Q2UY09|COSA1_HUMAN	0.19	24.3	30.909	55
Q9N0B3	sp|Q2UY09|COSA1_HUMAN	0.2	24.3	39.024	41
Q9N0B3	sp|Q2UY09|COSA1_HUMAN	6.3	19.2	28.125	32
Q9N0B3	sp|Q2UY09|COSA1_HUMAN	9.5	18.9	29.545	44
Q9N0B3	sp|Q2UY09|COSA1_HUMAN	9.9	18.9	42.857	21
Q9N0B3	sp|O95925|EPPI_HUMAN	0.63	21.9	50.0	18
Q9N0B3	sp|P12111|CO6A3_HUMAN	1.7	21.2	43.478	23
Q9N0B3	sp|Q9BQY6|WFDC6_HUMAN	3.3	19.6	30.556	36
Q9N0B3	sp|Q02388|CO7A1_HUMAN	4.5	20.0	28.205	39
Q9N0B3	sp|P48307|TFPI2_HUMAN	9.5	18.5	40.741	27
A1KB69	sp|P12111|CO6A3_HUMAN	0.48	21.9	43.478	23
A1KB69	sp|P05067|A4_HUMAN	2.8	19.2	46.667	15
A1KB69	sp|P10646|TFPI1_HUMAN	3.4	18.9	41.667	12
P51552	sp|Q2UY09|COSA1_HUMAN	0.39	22.7	27.381	84
P51552	sp|Q2UY09|COSA1_HUMAN	1.0	21.2	23.944	142
P51552	sp|O95428|PPN_HUMAN	0.72	21.9	25.49	51
P51552	sp|P48307|TFPI2_HUMAN	1.1	20.8	27.451	51
P51552	sp|P12111|CO6A3_HUMAN	2.4	20.0	37.037	27
P51552	sp|Q06481|APLP2_HUMAN	4.0	19.2	55.0	20
P51552	sp|P05067|A4_HUMAN	5.5	18.9	37.037	27
P51552	sp|Q02388|CO7A1_HUMAN	7.1	18.5	22.917	96
B4HXL7	sp|O95428|PPN_HUMAN	0.26	23.1	42.857	28
B4HXL7	sp|O95428|PPN_HUMAN	1.6	20.4	37.5	24
B4HXL7	sp|Q06481|APLP2_HUMAN	0.73	21.6	28.571	63
B4HXL7	sp|O43291|SPIT2_HUMAN	5.6	18.9	28.125	32
B8E1E4	sp|P12111|CO6A3_HUMAN	2.8	18.1	40.909	22
B8E1E4	sp|P12111|CO6A3_HUMAN	4.4	17.7	37.5	32
B8E1E4	sp|P12111|CO6A3_HUMAN	5.6	17.3	42.857	14
B8E1E4	sp|Q02388|CO7A1_HUMAN	7.3	16.9	28.571	21
B7M300	sp|Q02388|CO7A1_HUMAN	0.22	23.9	33.333	45
Q58604	sp|Q8IUA0|WFDC8_HUMAN	3.4	19.2	25.0	40
Q58604	sp|P12111|CO6A3_HUMAN	4.2	19.2	58.333	12
Q58604	sp|Q8TEU8|WFKN2_HUMAN	6.9	18.5	33.333	27
Q58604	sp|P05067|A4_HUMAN	7.5	18.1	25.862	58
Q58604	sp|O95428|PPN_HUMAN	7.6	18.5	100.0	5
A0A8B7DWS6	sp|Q96NZ8|WFKN1_HUMAN	0.25	22.7	21.519	79
A0A8B7DWS6	sp|P48307|TFPI2_HUMAN	2.9	19.2	35.294	34
A0A8B7DWS6	sp|Q2UY09|COSA1_HUMAN	3.7	18.9	23.913	46
A0A8B7DWS6	sp|P12111|CO6A3_HUMAN	5.4	18.5	38.71	31
A0A8B7DWS6	sp|O43278|SPIT1_HUMAN	6.8	18.1	34.483	29
A5GDA7	sp|P05067|A4_HUMAN	0.76	22.7	28.947	38
A5GDA7	sp|Q96NZ8|WFKN1_HUMAN	5.0	20.0	38.462	26
A5GDA7	sp|P10646|TFPI1_HUMAN	5.0	20.0	29.787	47
Q8GVB5	sp|Q8TEU8|WFKN2_HUMAN	0.33	23.9	29.545	44
Q8GVB5	sp|P48307|TFPI2_HUMAN	0.59	22.7	30.0	30
Q8GVB5	sp|P10646|TFPI1_HUMAN	5.9	19.6	30.0	40
Q8GVB5	sp|P49223|SPIT3_HUMAN	6.0	19.2	47.059	17
P36553	sp|Q96NZ8|WFKN1_HUMAN	0.1	24.6	33.333	30
P36553	sp|Q06481|APLP2_HUMAN	0.22	23.5	36.364	22
P36553	sp|O95428|PPN_HUMAN	1.3	21.2	32.308	65
P36553	sp|O95428|PPN_HUMAN	2.7	20.4	50.0	12
P36553	sp|Q8TEU8|WFKN2_HUMAN	3.0	20.0	35.0	20
P36553	sp|P12111|CO6A3_HUMAN	3.6	20.0	38.889	18
P36553	sp|P05067|A4_HUMAN	5.8	19.2	43.478	23
P36553	sp|Q02388|CO7A1_HUMAN	9.6	18.5	38.462	13
A1REM9	sp|P12111|CO6A3_HUMAN	2.7	18.9	44.444	18
B5F4M4	sp|Q02388|CO7A1_HUMAN	8.7	18.9	43.75	16
A0Q3H6	sp|P12111|CO6A3_HUMAN	8.6	17.3	33.333	48
A0Q3H6	sp|P02760|AMBP_HUMAN	9.0	17.3	33.333	27
A0Q3H6	sp|P05067|A4_HUMAN	9.5	17.3	36.0	25
Q47NZ5	sp|O95428|PPN_HUMAN	1.8	20.4	29.412	34
Q47NZ5	sp|P05067|A4_HUMAN	6.8	18.5	33.333	27
Q9WVL3	sp|P05067|A4_HUMAN	2.8	22.3	50.0	16
Q9WVL3	sp|P12111|CO6A3_HUMAN	5.8	21.2	20.918	196
Q9WVL3	sp|O95428|PPN_HUMAN	5.9	21.2	28.0	25
Q4FPB0	sp|Q06481|APLP2_HUMAN	3.9	18.5	53.846	13
Q4FPB0	sp|Q02388|CO7A1_HUMAN	6.0	18.1	23.333	30
Q4FPB0	sp|O95428|PPN_HUMAN	6.5	18.1	41.176	17
P53588	sp|Q02388|CO7A1_HUMAN	2.6	20.8	28.947	38
P53588	sp|P12111|CO6A3_HUMAN	7.2	19.6	30.357	56
Q2U6C4	sp|P48307|TFPI2_HUMAN	0.07	27.3	36.364	33
Q2U6C4	sp|P48307|TFPI2_HUMAN	5.9	21.2	25.0	48
Q2U6C4	sp|P05067|A4_HUMAN	5.1	21.9	19.872	156
Q2U6C4	sp|P12111|CO6A3_HUMAN	6.1	21.6	42.857	21
Q2U6C4	sp|P12111|CO6A3_HUMAN	7.9	21.2	29.167	24
Q8CTT4	sp|Q2UY09|COSA1_HUMAN	0.28	22.7	37.931	29
Q8CTT4	sp|O43278|SPIT1_HUMAN	2.7	19.6	45.0	20
Q8CTT4	sp|P12111|CO6A3_HUMAN	5.1	18.9	37.5	24
Q8CTT4	sp|P12111|CO6A3_HUMAN	7.4	18.5	21.739	69
Q8CTT4	sp|Q02388|CO7A1_HUMAN	7.6	18.5	37.037	27
Q8CTT4	sp|Q02388|CO7A1_HUMAN	8.3	18.1	47.368	19
O43024	sp|P12111|CO6A3_HUMAN	1.1	23.5	52.632	19
O43024	sp|P12111|CO6A3_HUMAN	1.2	23.5	31.034	29
O43024	sp|P12111|CO6A3_HUMAN	1.4	23.1	41.176	34
O43024	sp|P12111|CO6A3_HUMAN	1.7	22.7	61.538	13
O43024	sp|P12111|CO6A3_HUMAN	9.2	20.4	35.294	34
O43024	sp|Q2UY09|COSA1_HUMAN	3.2	21.9	22.917	48
O43024	sp|Q2UY09|COSA1_HUMAN	7.0	20.8	34.146	41
O43024	sp|Q2UY09|COSA1_HUMAN	8.4	20.4	33.333	30
O43024	sp|Q02388|CO7A1_HUMAN	4.7	21.2	34.375	32
O43024	sp|Q02388|CO7A1_HUMAN	6.7	20.8	56.25	16
O43024	sp|Q02388|CO7A1_HUMAN	7.2	20.8	34.483	29
O43024	sp|O95428|PPN_HUMAN	8.4	20.4	26.786	56
Q6FWU4	sp|P12111|CO6A3_HUMAN	3.6	20.4	22.0	50
A5W848	sp|Q02388|CO7A1_HUMAN	0.47	22.3	47.826	23
A5W848	sp|P12111|CO6A3_HUMAN	4.2	19.2	22.34	94
A6V1E6	sp|P12111|CO6A3_HUMAN	0.12	23.9	37.255	51
A6V1E6	sp|Q2UY09|COSA1_HUMAN	2.4	19.6	40.0	20
A6V1E6	sp|Q2UY09|COSA1_HUMAN	4.9	18.9	37.037	27
A6V1E6	sp|Q02388|CO7A1_HUMAN	2.7	19.6	29.231	65
Q73X58	sp|P10646|TFPI1_HUMAN	0.9	21.6	22.826	92
B8H164	sp|Q02388|CO7A1_HUMAN	3.6	17.7	70.0	10
B8H164	sp|Q02388|CO7A1_HUMAN	4.3	17.3	36.842	38
B8H164	sp|P05067|A4_HUMAN	4.3	17.3	21.622	37
B8H164	sp|P02760|AMBP_HUMAN	6.9	16.9	25.806	31
B8H164	sp|P12111|CO6A3_HUMAN	7.5	16.9	71.429	7
B8H164	sp|P12111|CO6A3_HUMAN	9.0	16.5	75.0	8
Q6XZH2	sp|P12111|CO6A3_HUMAN	1.3	21.6	50.0	14
Q31V27	sp|O95428|PPN_HUMAN	5.3	16.5	50.0	10
Q31V27	sp|O95428|PPN_HUMAN	7.0	16.2	60.0	10
Q31V27	sp|Q2UY09|COSA1_HUMAN	7.1	16.2	58.333	12
Q0RBC4	sp|O95428|PPN_HUMAN	3.3	21.2	38.462	26
Q0RBC4	sp|P12111|CO6A3_HUMAN	4.9	20.4	57.895	19
Q0RBC4	sp|Q2UY09|COSA1_HUMAN	6.7	20.0	24.324	74
Q0AHC6	sp|O95428|PPN_HUMAN	2.6	19.6	23.077	26
Q0AHC6	sp|Q02388|CO7A1_HUMAN	5.2	18.9	29.545	44
Q0AHC6	sp|P12111|CO6A3_HUMAN	6.5	18.5	28.421	95
Q0AHC6	sp|Q8TEU8|WFKN2_HUMAN	7.5	18.1	50.0	12
P60096	sp|P12111|CO6A3_HUMAN	4.4	18.1	30.0	40
P60096	sp|Q02388|CO7A1_HUMAN	6.2	17.7	27.083	48
P60096	sp|Q02388|CO7A1_HUMAN	6.2	17.7	27.778	36
A1T068	sp|P12111|CO6A3_HUMAN	5.3	18.9	34.615	26
A1T068	sp|Q02388|CO7A1_HUMAN	6.9	18.5	30.556	36
P0DB10	sp|Q2UY09|COSA1_HUMAN	4.0	18.5	26.667	60
P0DB10	sp|O43278|SPIT1_HUMAN	4.8	18.5	66.667	9
P0DB10	sp|O95428|PPN_HUMAN	8.4	17.7	38.095	21
P0DB10	sp|O95428|PPN_HUMAN	8.4	17.7	46.154	13
B8D8U3	sp|P12111|CO6A3_HUMAN	0.028	26.6	26.829	82
B8D8U3	sp|P12111|CO6A3_HUMAN	5.0	19.2	61.538	13
B8D8U3	sp|P12111|CO6A3_HUMAN	5.2	19.2	50.0	16
B8D8U3	sp|Q2UY09|COSA1_HUMAN	0.33	23.1	30.303	33
B8D8U3	sp|Q02388|CO7A1_HUMAN	0.87	21.6	46.667	15
B8D8U3	sp|Q02388|CO7A1_HUMAN	7.3	18.9	53.333	15
B8D8U3	sp|Q02388|CO7A1_HUMAN	9.4	18.5	44.444	18
B8D8U3	sp|P05067|A4_HUMAN	3.6	19.6	36.842	19
B8D8U3	sp|P49223|SPIT3_HUMAN	4.9	18.5	38.889	18
Q2NTW6	sp|P12111|CO6A3_HUMAN	2.3	18.9	26.984	63
Q2NTW6	sp|P12111|CO6A3_HUMAN	5.7	17.3	23.377	77
Q4L6F0	sp|Q2UY09|COSA1_HUMAN	0.73	20.0	25.455	55
Q4L6F0	sp|P12111|CO6A3_HUMAN	4.3	17.7	23.913	46
Q4L6F0	sp|Q06481|APLP2_HUMAN	5.5	17.3	23.256	43
A4W529	sp|Q02388|CO7A1_HUMAN	4.1	20.0	46.667	15
A4W529	sp|P12111|CO6A3_HUMAN	5.0	19.6	37.931	29
A4W529	sp|Q06481|APLP2_HUMAN	7.9	18.9	42.105	19
A4W529	sp|O95428|PPN_HUMAN	10.0	18.5	26.923	26
Q5F840	sp|O95428|PPN_HUMAN	5.7	18.9	27.273	22
Q28635	sp|P12111|CO6A3_HUMAN	0.9	21.9	37.5	24
Q28635	sp|P12111|CO6A3_HUMAN	5.7	19.2	75.0	8
Q28635	sp|O95428|PPN_HUMAN	3.3	20.0	40.0	25
Q28635	sp|Q2UY09|COSA1_HUMAN	8.3	18.9	53.846	13
B1Y2G9	sp|Q8TEU8|WFKN2_HUMAN	0.79	19.6	57.143	14
B1Y2G9	sp|P12111|CO6A3_HUMAN	3.2	18.1	44.444	27
B1Y2G9	sp|Q06481|APLP2_HUMAN	3.6	17.7	38.095	21
B1Y2G9	sp|Q9BQY6|WFDC6_HUMAN	9.3	16.5	40.0	20
B1Y2G9	sp|O95428|PPN_HUMAN	9.4	16.5	25.0	32
A8H6K3	sp|P12111|CO6A3_HUMAN	0.69	22.7	33.333	36
A8H6K3	sp|Q8IUA0|WFDC8_HUMAN	2.2	20.8	46.154	13
A8H6K3	sp|Q8TEU8|WFKN2_HUMAN	5.6	19.6	46.154	13
A8H6K3	sp|Q02388|CO7A1_HUMAN	6.3	19.6	42.857	21
P43247	sp|P12111|CO6A3_HUMAN	4.5	21.2	37.931	29
P43247	sp|P12111|CO6A3_HUMAN	7.4	20.8	45.455	22
P43247	sp|P02760|AMBP_HUMAN	6.0	20.8	31.429	35
P43247	sp|Q02388|CO7A1_HUMAN	7.2	20.8	33.333	60
Q2UUI8	sp|Q06481|APLP2_HUMAN	0.36	22.7	34.375	32
Q2UUI8	sp|Q06481|APLP2_HUMAN	5.1	18.9	87.5	8
Q2UUI8	sp|P05067|A4_HUMAN	0.64	21.9	25.61	82
Q2UUI8	sp|Q8TEU8|WFKN2_HUMAN	3.6	19.6	53.846	13
Q2UUI8	sp|O95428|PPN_HUMAN	5.8	18.9	35.714	28
Q2UUI8	sp|Q2UY09|COSA1_HUMAN	9.2	18.1	25.926	27
Q1GC80	sp|P12111|CO6A3_HUMAN	0.21	24.3	29.333	75
Q1GC80	sp|Q8TEU8|WFKN2_HUMAN	2.4	20.8	33.333	45
Q1GC80	sp|Q06481|APLP2_HUMAN	6.3	19.6	33.333	24
O60931	sp|P12111|CO6A3_HUMAN	3.4	20.4	39.13	23
O60931	sp|Q96NZ8|WFKN1_HUMAN	4.8	19.6	38.462	26
O60931	sp|O95428|PPN_HUMAN	6.3	19.2	52.941	17
P01987	sp|P12111|CO6A3_HUMAN	3.5	18.5	40.625	32
P01987	sp|P12111|CO6A3_HUMAN	9.9	17.3	71.429	7
P01987	sp|Q06481|APLP2_HUMAN	7.6	17.3	41.176	17
Q9Z0T9	sp|P12111|CO6A3_HUMAN	0.26	25.0	20.155	129
Q9Z0T9	sp|P12111|CO6A3_HUMAN	0.32	24.6	24.561	57
Q9Z0T9	sp|P12111|CO6A3_HUMAN	2.2	21.9	30.233	43
Q9Z0T9	sp|Q02388|CO7A1_HUMAN	0.27	25.0	30.108	93
Q9Z0T9	sp|Q02388|CO7A1_HUMAN	1.5	22.7	32.432	37
Q9Z0T9	sp|Q96NZ8|WFKN1_HUMAN	8.2	20.0	32.653	49
Q9Z0T9	sp|Q8TEU8|WFKN2_HUMAN	8.4	20.0	27.692	65
Q2RK28	sp|Q2UY09|COSA1_HUMAN	1.5	21.6	39.286	28
Q2RK28	sp|Q2UY09|COSA1_HUMAN	3.1	20.4	45.0	20
Q2RK28	sp|Q02388|CO7A1_HUMAN	3.8	20.4	26.829	82
Q2RK28	sp|O95925|EPPI_HUMAN	4.7	19.2	43.75	16
Q2RK28	sp|O95428|PPN_HUMAN	5.5	19.6	24.242	165
Q2RK28	sp|P48307|TFPI2_HUMAN	6.1	19.2	58.333	12
Q2RK28	sp|P12111|CO6A3_HUMAN	6.8	19.2	26.087	69
Q2RK28	sp|P12111|CO6A3_HUMAN	7.0	19.2	39.394	33
Q2RK28	sp|O43278|SPIT1_HUMAN	7.5	19.2	36.364	22
F9XMT4	sp|Q2UY09|COSA1_HUMAN	1.5	20.4	58.333	12
F9XMT4	sp|Q96NZ8|WFKN1_HUMAN	1.8	20.4	21.905	105
F9XMT4	sp|Q02388|CO7A1_HUMAN	3.3	19.6	35.294	17
F9XMT4	sp|Q02388|CO7A1_HUMAN	9.7	18.1	34.783	23
Q22795	sp|P12111|CO6A3_HUMAN	6.7	18.5	33.333	39
A6VQ29	sp|P48307|TFPI2_HUMAN	2.2	21.2	36.0	25
A6VQ29	sp|Q06481|APLP2_HUMAN	3.0	21.2	25.926	54
A6VQ29	sp|O95428|PPN_HUMAN	3.8	20.8	27.907	43
A6VQ29	sp|O43278|SPIT1_HUMAN	4.5	20.4	21.429	56
P00999	sp|O95428|PPN_HUMAN	0.26	20.0	30.0	30
P00999	sp|O95428|PPN_HUMAN	4.2	16.5	46.154	13
P00999	sp|P12111|CO6A3_HUMAN	1.8	17.7	36.842	19
P00999	sp|P12111|CO6A3_HUMAN	8.7	15.8	30.435	23
P00999	sp|Q02388|CO7A1_HUMAN	4.2	16.5	46.154	13
P00999	sp|Q8TEU8|WFKN2_HUMAN	9.1	15.8	30.0	20
C0PZ38	sp|Q02388|CO7A1_HUMAN	1.4	19.6	33.333	54
C0PZ38	sp|Q02388|CO7A1_HUMAN	4.9	18.1	31.818	44
C0PZ38	sp|Q02388|CO7A1_HUMAN	8.6	17.3	30.0	30
C0PZ38	sp|O95428|PPN_HUMAN	3.2	18.9	23.333	30
C0PZ38	sp|O95428|PPN_HUMAN	6.5	17.7	60.0	10
C0PZ38	sp|O43278|SPIT1_HUMAN	3.9	18.5	54.545	11
C0PZ38	sp|P12111|CO6A3_HUMAN	6.9	17.7	35.294	17
C0PZ38	sp|P12111|CO6A3_HUMAN	7.0	17.7	44.444	18
C0PZ38	sp|P12111|CO6A3_HUMAN	8.9	17.3	41.667	24
Q3ZJ00	sp|Q02388|CO7A1_HUMAN	2.8	21.2	37.838	37
Q3ZJ00	sp|Q02388|CO7A1_HUMAN	3.7	20.8	35.714	14
Q3ZJ00	sp|P12111|CO6A3_HUMAN	3.3	20.8	35.0	40
Q3ZJ00	sp|P12111|CO6A3_HUMAN	3.8	20.4	61.538	13
Q8CR97	sp|P12111|CO6A3_HUMAN	3.9	20.0	25.926	54
Q8CR97	sp|Q06481|APLP2_HUMAN	4.9	19.6	22.5	120
Q8CR97	sp|Q06481|APLP2_HUMAN	7.5	18.9	30.612	49
Q8CR97	sp|O95925|EPPI_HUMAN	5.1	19.2	16.216	37
Q8CR97	sp|Q02388|CO7A1_HUMAN	5.4	19.6	47.059	17
Q8AY49	sp|O95428|PPN_HUMAN	0.52	20.0	35.0	20
Q8AY49	sp|O95428|PPN_HUMAN	9.6	16.2	37.5	16
Q8AY49	sp|Q02388|CO7A1_HUMAN	0.78	19.2	50.0	12
Q8AY49	sp|Q06481|APLP2_HUMAN	1.1	18.9	50.0	12
Q8AY49	sp|Q06481|APLP2_HUMAN	1.8	18.5	37.5	32
Q8AY49	sp|Q96NZ8|WFKN1_HUMAN	3.4	17.7	31.579	19
Q8AY49	sp|O43278|SPIT1_HUMAN	8.2	16.5	62.5	8
Q0PGW2	sp|O95428|PPN_HUMAN	4.1	20.4	35.484	31
Q0PGW2	sp|Q02388|CO7A1_HUMAN	5.4	20.0	50.0	16
Q0PGW2	sp|P02760|AMBP_HUMAN	8.8	19.2	37.5	16
A7Z727	sp|P12111|CO6A3_HUMAN	0.57	21.9	40.0	25
A7Z727	sp|Q02388|CO7A1_HUMAN	4.2	18.9	25.0	40
A7Z727	sp|Q02388|CO7A1_HUMAN	9.3	18.1	38.095	21
A7Z727	sp|P02760|AMBP_HUMAN	7.1	18.1	22.5	80
Q6MRR3	sp|Q96NZ8|WFKN1_HUMAN	0.13	23.9	34.783	46
Q6MRR3	sp|P12111|CO6A3_HUMAN	10.0	18.1	25.0	28
Q4UYG2	sp|O95428|PPN_HUMAN	7.8	18.9	33.333	24
Q6NI38	sp|Q2UY09|COSA1_HUMAN	4.4	17.3	31.579	38
Q6NI38	sp|P12111|CO6A3_HUMAN	7.2	16.5	62.5	8
Q6NI38	sp|Q6UDR6|SPIT4_HUMAN	7.8	16.2	35.714	14
Q6NI38	sp|Q02388|CO7A1_HUMAN	8.4	16.5	37.5	16
P50511	sp|P12111|CO6A3_HUMAN	3.0	20.0	40.741	27
P11323	sp|Q2UY09|COSA1_HUMAN	1.7	20.0	42.105	19
P11323	sp|Q2UY09|COSA1_HUMAN	8.3	17.7	31.25	32
Q7YJY8	sp|O95428|PPN_HUMAN	4.0	20.0	26.667	90
Q8NK50	sp|Q02388|CO7A1_HUMAN	0.74	21.9	30.556	36
Q8NK50	sp|Q02388|CO7A1_HUMAN	8.3	18.5	61.538	13
Q8NK50	sp|Q2UY09|COSA1_HUMAN	0.8	21.6	43.75	16
Q8NK50	sp|O95428|PPN_HUMAN	2.0	20.4	24.272	103
Q1JMC0	sp|Q96NZ8|WFKN1_HUMAN	1.0	19.2	30.556	36
Q1JMC0	sp|P12111|CO6A3_HUMAN	3.3	17.7	27.273	33
Q1JMC0	sp|Q2UY09|COSA1_HUMAN	3.7	17.7	29.545	44
B2KA24	sp|P12111|CO6A3_HUMAN	0.21	23.5	29.032	62
B2KA24	sp|O95428|PPN_HUMAN	0.36	22.7	29.508	61
B2KA24	sp|P05067|A4_HUMAN	0.84	21.2	24.138	87
B2KA24	sp|Q02388|CO7A1_HUMAN	2.8	19.6	46.154	13
Q0SRF8	sp|Q8TEU8|WFKN2_HUMAN	2.7	19.2	44.0	25
Q0SRF8	sp|Q96NZ8|WFKN1_HUMAN	6.4	18.1	28.571	14
P66183	sp|O95428|PPN_HUMAN	0.91	18.9	22.222	27
P66183	sp|Q8TEU8|WFKN2_HUMAN	9.9	15.8	55.556	9
Q68W96	sp|P12111|CO6A3_HUMAN	0.26	20.0	45.0	20
Q68W96	sp|P12111|CO6A3_HUMAN	6.2	16.2	25.0	36
Q68W96	sp|O95428|PPN_HUMAN	2.7	17.3	46.667	15
Q9NTN9	sp|Q96NZ8|WFKN1_HUMAN	0.031	28.1	38.333	60
Q9NTN9	sp|O95428|PPN_HUMAN	0.093	26.6	27.885	104
Q9NTN9	sp|P05067|A4_HUMAN	0.42	24.3	29.268	41
Q9NTN9	sp|P12111|CO6A3_HUMAN	2.8	21.9	32.143	28
Q9NTN9	sp|P12111|CO6A3_HUMAN	6.1	20.8	50.0	16
Q9NTN9	sp|P12111|CO6A3_HUMAN	6.7	20.4	30.769	65
Q9NTN9	sp|O43291|SPIT2_HUMAN	7.6	20.0	24.731	93
Q92262	sp|P12111|CO6A3_HUMAN	0.31	23.9	34.146	41
Q92262	sp|P12111|CO6A3_HUMAN	1.7	21.6	42.857	21
Q92262	sp|P12111|CO6A3_HUMAN	5.5	20.0	50.0	14
Q92262	sp|P12111|CO6A3_HUMAN	7.4	19.6	27.451	51
Q92262	sp|Q8TEU8|WFKN2_HUMAN	6.9	19.6	22.222	81
A0KV76	sp|P12111|CO6A3_HUMAN	9.3	20.0	29.268	41
P25017	sp|P05067|A4_HUMAN	0.036	27.7	42.857	28
P25017	sp|Q02388|CO7A1_HUMAN	0.33	24.6	40.541	37
P25017	sp|Q02388|CO7A1_HUMAN	2.6	21.6	36.364	22
P25017	sp|Q02388|CO7A1_HUMAN	9.9	20.0	24.176	91
P25017	sp|O95428|PPN_HUMAN	3.2	21.6	34.211	38
P25017	sp|O43278|SPIT1_HUMAN	4.8	20.8	52.632	19
A8YXS1	sp|Q96NZ8|WFKN1_HUMAN	1.9	19.2	34.783	23
A8YXS1	sp|Q2UY09|COSA1_HUMAN	5.4	18.1	50.0	12
A8YXS1	sp|Q2UY09|COSA1_HUMAN	9.8	17.3	55.556	9
A8YXS1	sp|Q02388|CO7A1_HUMAN	5.4	18.1	62.5	8
A8YXS1	sp|Q02388|CO7A1_HUMAN	7.1	17.7	55.556	9
A8YXS1	sp|Q02388|CO7A1_HUMAN	9.8	17.3	54.545	11
A8YXS1	sp|O95428|PPN_HUMAN	6.3	17.7	29.63	27
A0RHM6	sp|P12111|CO6A3_HUMAN	1.4	21.2	41.463	41
A0RHM6	sp|P12111|CO6A3_HUMAN	2.0	20.8	37.255	51
A0RHM6	sp|P12111|CO6A3_HUMAN	6.8	19.2	57.143	14
A0RHM6	sp|O43278|SPIT1_HUMAN	2.2	20.4	42.105	19
A0RHM6	sp|O95428|PPN_HUMAN	4.0	19.6	30.303	33
A0RHM6	sp|P05067|A4_HUMAN	5.8	19.2	23.457	81
A0RHM6	sp|Q8TEU8|WFKN2_HUMAN	7.2	18.9	28.571	49
Q5H3I5	sp|P12111|CO6A3_HUMAN	1.7	21.6	25.926	54
Q5H3I5	sp|P12111|CO6A3_HUMAN	6.2	19.6	36.667	30
Q5H3I5	sp|P12111|CO6A3_HUMAN	7.7	19.2	43.75	16
Q5H3I5	sp|P12111|CO6A3_HUMAN	7.9	19.2	31.818	22
Q5H3I5	sp|P12111|CO6A3_HUMAN	8.2	19.2	37.037	27
Q5H3I5	sp|Q2UY09|COSA1_HUMAN	9.9	18.9	50.0	12
P17613	sp|Q96NZ8|WFKN1_HUMAN	4.5	19.6	50.0	16
P17613	sp|O95428|PPN_HUMAN	5.1	19.6	41.176	17
P17613	sp|Q02388|CO7A1_HUMAN	6.1	19.2	27.273	33
P17613	sp|O43278|SPIT1_HUMAN	7.2	18.9	33.333	30
P10054	sp|Q02388|CO7A1_HUMAN	1.2	20.8	33.333	36
P10054	sp|P12111|CO6A3_HUMAN	1.9	20.4	37.5	24
P10054	sp|P12111|CO6A3_HUMAN	3.2	19.6	32.609	46
P10054	sp|Q06481|APLP2_HUMAN	4.5	18.9	46.154	13
Q91FD6	sp|P05067|A4_HUMAN	3.8	20.0	46.667	15
Q91FD6	sp|Q96NZ8|WFKN1_HUMAN	8.3	18.9	23.438	64
Q479I3	sp|O95428|PPN_HUMAN	0.26	23.5	35.135	37
Q479I3	sp|P12111|CO6A3_HUMAN	2.4	20.4	25.49	51
Q479I3	sp|Q8TEU8|WFKN2_HUMAN	8.8	18.5	27.778	54
B0C1Y1	sp|Q02388|CO7A1_HUMAN	0.24	24.6	26.852	108
B0C1Y1	sp|P12111|CO6A3_HUMAN	0.8	23.1	27.119	59
B0C1Y1	sp|P12111|CO6A3_HUMAN	6.1	20.0	26.027	73
B0C1Y1	sp|O95428|PPN_HUMAN	1.7	21.9	37.5	32
Q0HD69	sp|Q02388|CO7A1_HUMAN	0.001	30.0	28.169	71
Q0HD69	sp|Q02388|CO7A1_HUMAN	0.74	21.6	50.0	16
Q0HD69	sp|Q02388|CO7A1_HUMAN	0.93	21.2	87.5	8
Q0HD69	sp|Q02388|CO7A1_HUMAN	2.6	19.6	44.444	18
Q0HD69	sp|Q02388|CO7A1_HUMAN	2.8	19.6	71.429	7
Q0HD69	sp|Q02388|CO7A1_HUMAN	3.0	19.6	47.059	17
Q0HD69	sp|Q02388|CO7A1_HUMAN	3.2	19.2	85.714	7
Q0HD69	sp|Q02388|CO7A1_HUMAN	4.4	18.9	85.714	7
Q0HD69	sp|Q02388|CO7A1_HUMAN	9.2	18.1	71.429	7
Q0HD69	sp|Q2UY09|COSA1_HUMAN	5.7	18.5	71.429	7
Q0HD69	sp|Q2UY09|COSA1_HUMAN	7.1	18.1	83.333	6
O93918	sp|Q02388|CO7A1_HUMAN	1.5	23.1	25.333	75
O93918	sp|Q02388|CO7A1_HUMAN	1.6	23.1	35.294	34
O93918	sp|Q02388|CO7A1_HUMAN	3.1	22.3	42.424	33
O93918	sp|Q02388|CO7A1_HUMAN	5.1	21.6	33.333	39
O93918	sp|Q02388|CO7A1_HUMAN	7.4	20.8	40.625	32
O93918	sp|O95428|PPN_HUMAN	2.4	22.7	29.412	68
O93918	sp|P05067|A4_HUMAN	4.7	21.6	22.449	49
O93918	sp|Q06481|APLP2_HUMAN	6.3	21.2	32.353	34
Q8CSX6	sp|Q2UY09|COSA1_HUMAN	3.0	20.8	31.579	19
Q8CSX6	sp|Q02388|CO7A1_HUMAN	5.2	20.0	38.235	34
Q5WFA1	sp|P05067|A4_HUMAN	4.8	16.5	22.059	68
Q5WFA1	sp|P02760|AMBP_HUMAN	4.8	16.5	21.739	46
Q5JLM1	sp|P12111|CO6A3_HUMAN	0.64	22.7	32.308	65
Q5JLM1	sp|Q8TEU8|WFKN2_HUMAN	2.1	20.8	24.444	45
Q5JLM1	sp|Q02388|CO7A1_HUMAN	2.9	20.4	36.842	38
Q5JLM1	sp|Q02388|CO7A1_HUMAN	9.2	18.9	30.769	26
P24054	sp|Q96NZ8|WFKN1_HUMAN	0.1	25.8	32.812	64
P24054	sp|Q8TEU8|WFKN2_HUMAN	1.0	22.7	30.0	60
P24054	sp|Q2UY09|COSA1_HUMAN	1.3	22.3	41.176	34
P24054	sp|P10646|TFPI1_HUMAN	1.7	21.9	28.889	45
P24054	sp|Q02388|CO7A1_HUMAN	1.9	21.9	25.532	94
P24054	sp|Q02388|CO7A1_HUMAN	2.9	21.2	30.769	39
P24054	sp|Q02388|CO7A1_HUMAN	4.9	20.8	29.268	41
P24054	sp|Q02388|CO7A1_HUMAN	5.5	20.4	42.105	19
P24054	sp|Q02388|CO7A1_HUMAN	7.9	20.0	42.857	21
P24054	sp|Q02388|CO7A1_HUMAN	8.7	19.6	32.759	58
P24054	sp|P12111|CO6A3_HUMAN	3.3	21.2	29.688	64
P24054	sp|P12111|CO6A3_HUMAN	6.5	20.0	24.286	70
P24054	sp|O95428|PPN_HUMAN	7.4	20.0	41.176	17
Q39WQ8	sp|O95428|PPN_HUMAN	4.2	18.9	28.571	42
Q39WQ8	sp|Q02388|CO7A1_HUMAN	4.5	18.5	35.135	37
Q39WQ8	sp|P12111|CO6A3_HUMAN	7.6	18.1	25.0	36
Q8Y6W7	sp|P12111|CO6A3_HUMAN	0.23	23.5	27.273	77
Q8Y6W7	sp|O43291|SPIT2_HUMAN	5.9	18.9	47.619	21
Q9DAR7	sp|P12111|CO6A3_HUMAN	1.9	20.8	36.111	36
Q9DAR7	sp|P12111|CO6A3_HUMAN	4.9	19.6	46.154	13
Q9DAR7	sp|Q9BQY6|WFDC6_HUMAN	3.0	19.6	41.176	17
Q9DAR7	sp|Q02388|CO7A1_HUMAN	3.1	20.4	47.059	17
P16613	sp|O95428|PPN_HUMAN	3.5	18.9	30.769	26
P16613	sp|Q2UY09|COSA1_HUMAN	6.0	18.1	36.0	25
P16613	sp|P05067|A4_HUMAN	7.5	17.7	37.5	24
P16613	sp|Q02388|CO7A1_HUMAN	8.0	17.7	41.935	31
Q72JC8	sp|P12111|CO6A3_HUMAN	2.5	20.4	25.0	112
Q72JC8	sp|P12111|CO6A3_HUMAN	3.0	20.4	25.676	74
Q3M5R7	sp|P10646|TFPI1_HUMAN	0.019	26.9	25.472	106
Q3M5R7	sp|Q06481|APLP2_HUMAN	2.1	20.8	26.19	42
Q3M5R7	sp|O95428|PPN_HUMAN	5.1	19.6	22.917	48
Q3M5R7	sp|P05067|A4_HUMAN	8.6	18.9	23.077	26
B9DUK0	sp|O43278|SPIT1_HUMAN	5.5	18.9	40.0	20
B9DUK0	sp|O43278|SPIT1_HUMAN	5.6	18.9	40.0	15
B9DUK0	sp|P12111|CO6A3_HUMAN	6.2	18.9	66.667	9
P47014	sp|Q06481|APLP2_HUMAN	8.0	20.0	22.222	45
Q8CD94	sp|O43291|SPIT2_HUMAN	0.043	23.5	24.324	37
Q8CD94	sp|P49223|SPIT3_HUMAN	0.21	21.2	22.727	44
Q8CD94	sp|Q06481|APLP2_HUMAN	7.0	17.3	36.364	22
Q81JB2	sp|P05067|A4_HUMAN	2.2	18.9	38.462	26
Q81JB2	sp|P12111|CO6A3_HUMAN	3.2	18.5	36.667	30
Q81JB2	sp|P02760|AMBP_HUMAN	8.0	16.9	26.19	42
Q0II68	sp|Q9BQY6|WFDC6_HUMAN	3.3	19.6	32.143	28
P14202	sp|Q06481|APLP2_HUMAN	0.18	23.1	25.0	40
P14202	sp|O43291|SPIT2_HUMAN	1.3	20.0	38.889	18
P14202	sp|P49223|SPIT3_HUMAN	4.2	18.1	26.087	23
P14202	sp|P10646|TFPI1_HUMAN	4.3	18.5	33.333	18
P14202	sp|Q2UY09|COSA1_HUMAN	8.2	17.7	36.842	19
Q9Y698	sp|P05067|A4_HUMAN	1.9	20.8	44.444	18
Q9Y698	sp|Q02388|CO7A1_HUMAN	5.8	19.2	24.194	62
Q9Y698	sp|Q96NZ8|WFKN1_HUMAN	6.4	19.2	27.66	47
Q9Y698	sp|O95428|PPN_HUMAN	6.8	18.9	30.435	46
Q9Y698	sp|Q06481|APLP2_HUMAN	7.9	18.9	54.545	11
B8F6D8	sp|P12111|CO6A3_HUMAN	0.44	22.3	25.806	31
B8F6D8	sp|P12111|CO6A3_HUMAN	3.5	19.6	40.0	20
B8F6D8	sp|P12111|CO6A3_HUMAN	9.1	18.1	45.0	20
B8F6D8	sp|P12111|CO6A3_HUMAN	10.0	18.1	66.667	9
B8F6D8	sp|Q2UY09|COSA1_HUMAN	2.2	20.0	26.19	42
B8F6D8	sp|Q02388|CO7A1_HUMAN	4.7	19.2	63.636	11
B8F6D8	sp|O95428|PPN_HUMAN	7.1	18.5	28.571	21
B8F6D8	sp|P02760|AMBP_HUMAN	8.6	18.1	21.569	51
C0Q8D6	sp|Q06481|APLP2_HUMAN	1.2	20.0	23.457	81
C0Q8D6	sp|P12111|CO6A3_HUMAN	9.8	17.3	38.71	31
B6EU02	sp|O95428|PPN_HUMAN	1.3	23.1	23.077	65
B6EU02	sp|O95428|PPN_HUMAN	2.1	22.7	36.111	36
B6EU02	sp|Q8TEU8|WFKN2_HUMAN	1.6	22.7	40.0	25
B6EU02	sp|Q02388|CO7A1_HUMAN	3.2	21.9	27.451	51
O27694	sp|O95428|PPN_HUMAN	0.84	21.6	36.667	30
O27694	sp|P12111|CO6A3_HUMAN	4.1	19.6	46.154	13
O27694	sp|P12111|CO6A3_HUMAN	6.2	18.9	36.842	38
O27694	sp|Q02388|CO7A1_HUMAN	4.4	19.2	40.909	22
Q6YZA4	sp|P12111|CO6A3_HUMAN	1.5	20.4	33.333	39
Q6YZA4	sp|P12111|CO6A3_HUMAN	4.0	19.2	19.277	83
Q6YZA4	sp|P12111|CO6A3_HUMAN	4.5	18.9	66.667	12
Q6YZA4	sp|Q8TEU8|WFKN2_HUMAN	4.9	18.9	35.135	37
Q57591	sp|P12111|CO6A3_HUMAN	0.39	21.2	26.471	68
Q57591	sp|P12111|CO6A3_HUMAN	6.1	17.3	33.333	21
Q57591	sp|Q2UY09|COSA1_HUMAN	1.7	19.2	36.842	19
Q57591	sp|Q2UY09|COSA1_HUMAN	3.3	18.5	29.167	72
Q57591	sp|O95428|PPN_HUMAN	4.1	18.1	33.333	21
Q57591	sp|P05067|A4_HUMAN	4.8	17.7	32.0	25
Q8SRT0	sp|O43278|SPIT1_HUMAN	1.5	20.8	24.176	91
Q8SRT0	sp|O43278|SPIT1_HUMAN	6.9	18.9	36.0	50
Q8SRT0	sp|Q96NZ8|WFKN1_HUMAN	4.6	19.2	34.483	29
Q8SRT0	sp|Q96NZ8|WFKN1_HUMAN	8.9	18.5	28.889	45
Q8SRT0	sp|P12111|CO6A3_HUMAN	8.1	18.5	46.154	13
Q0N4U3	sp|P12111|CO6A3_HUMAN	0.13	21.2	75.0	12
Q0N4U3	sp|P12111|CO6A3_HUMAN	1.2	18.5	53.846	13
Q0N4U3	sp|P12111|CO6A3_HUMAN	3.2	17.3	37.5	16
Q0N4U3	sp|P12111|CO6A3_HUMAN	3.3	17.3	43.75	16
Q0N4U3	sp|P12111|CO6A3_HUMAN	6.3	16.5	46.154	13
Q0N4U3	sp|P12111|CO6A3_HUMAN	6.8	16.5	54.545	11
Q0N4U3	sp|P12111|CO6A3_HUMAN	9.3	16.2	57.143	7
Q0N4U3	sp|Q2UY09|COSA1_HUMAN	0.51	19.6	53.846	13
Q0N4U3	sp|Q2UY09|COSA1_HUMAN	7.9	16.2	38.462	13
Q0N4U3	sp|Q02388|CO7A1_HUMAN	2.2	17.7	50.0	16
Q0N4U3	sp|Q02388|CO7A1_HUMAN	4.2	16.9	44.444	18
Q0N4U3	sp|Q02388|CO7A1_HUMAN	4.7	16.9	38.889	18
Q0N4U3	sp|Q02388|CO7A1_HUMAN	8.4	16.2	36.842	19
Q0N4U3	sp|Q02388|CO7A1_HUMAN	9.7	16.2	50.0	12
Q0N4U3	sp|P02760|AMBP_HUMAN	4.2	16.9	35.294	17
Q0N4U3	sp|O43291|SPIT2_HUMAN	4.6	16.9	42.857	14
Q8DLG3	sp|P05067|A4_HUMAN	0.76	19.6	46.667	15
Q8DLG3	sp|Q8TEU8|WFKN2_HUMAN	1.0	19.2	25.424	59
Q8DLG3	sp|P48307|TFPI2_HUMAN	1.4	18.9	42.105	19
Q8DLG3	sp|Q02388|CO7A1_HUMAN	2.8	18.1	22.857	35
B4UDZ6	sp|O95428|PPN_HUMAN	0.65	21.9	41.86	43
B4UDZ6	sp|O95428|PPN_HUMAN	9.5	18.5	41.463	41
B4UDZ6	sp|P12111|CO6A3_HUMAN	4.5	19.6	42.105	19
B4UDZ6	sp|P12111|CO6A3_HUMAN	7.5	18.9	66.667	9
B4UDZ6	sp|P12111|CO6A3_HUMAN	7.7	18.9	33.333	21
B4UDZ6	sp|Q02388|CO7A1_HUMAN	4.9	19.2	28.205	39
P0DTM0	sp|P12111|CO6A3_HUMAN	2.6	14.2	50.0	8
Q9K7C9	sp|P12111|CO6A3_HUMAN	0.29	23.5	19.737	76
Q9K7C9	sp|P12111|CO6A3_HUMAN	1.8	20.8	26.606	109
Q9K7C9	sp|P12111|CO6A3_HUMAN	8.1	18.9	23.077	52
Q9K7C9	sp|Q2UY09|COSA1_HUMAN	4.5	19.6	20.833	96
Q9K7C9	sp|Q2UY09|COSA1_HUMAN	8.0	18.9	35.484	31
Q9K7C9	sp|Q02388|CO7A1_HUMAN	4.6	19.6	25.743	101
Q9K7C9	sp|O95428|PPN_HUMAN	6.5	18.9	21.875	96
Q9K7C9	sp|Q06481|APLP2_HUMAN	6.7	18.9	25.714	35
Q9K7C9	sp|P05067|A4_HUMAN	9.0	18.5	26.984	63
Q14HL3	sp|O95925|EPPI_HUMAN	3.4	18.5	50.0	14
Q14HL3	sp|Q8TEU8|WFKN2_HUMAN	5.4	18.5	62.5	8
Q14HL3	sp|O95428|PPN_HUMAN	7.9	18.1	33.333	21
Q9Y4F1	sp|P12111|CO6A3_HUMAN	0.21	25.8	35.294	34
Q9Y4F1	sp|Q02388|CO7A1_HUMAN	0.69	24.3	25.0	76
Q9Y4F1	sp|Q8TEU8|WFKN2_HUMAN	2.8	21.9	41.667	24
Q9Y4F1	sp|Q06481|APLP2_HUMAN	5.8	21.2	20.238	84
Q9Y4F1	sp|O43278|SPIT1_HUMAN	6.8	20.8	22.0	100
Q9Y4F1	sp|O95428|PPN_HUMAN	7.6	20.8	33.333	48
Q9Y4F1	sp|Q96NZ8|WFKN1_HUMAN	8.0	20.4	33.333	33
A1DNW0	sp|P05067|A4_HUMAN	0.061	27.3	25.0	80
A1DNW0	sp|Q06481|APLP2_HUMAN	3.2	21.9	21.053	57
A1DNW0	sp|O43278|SPIT1_HUMAN	5.1	21.2	50.0	28
A1DNW0	sp|O95428|PPN_HUMAN	5.5	21.2	52.941	17
A1DNW0	sp|P12111|CO6A3_HUMAN	5.6	21.2	40.0	30
A1DNW0	sp|Q02388|CO7A1_HUMAN	6.5	20.8	28.889	45
A2AED3	sp|Q02388|CO7A1_HUMAN	1.15e-16	75.1	22.847	569
A2AED3	sp|Q02388|CO7A1_HUMAN	8.98e-14	65.9	23.28	567
A2AED3	sp|Q02388|CO7A1_HUMAN	7.77e-08	46.2	22.075	530
A2AED3	sp|Q02388|CO7A1_HUMAN	6.0	20.4	22.222	216
A2AED3	sp|Q8TEU8|WFKN2_HUMAN	3.4	21.2	47.059	17
A2AED3	sp|Q06481|APLP2_HUMAN	3.5	21.2	26.923	52
A2AED3	sp|P12111|CO6A3_HUMAN	3.7	21.2	32.258	31
Q9VFX3	sp|P12111|CO6A3_HUMAN	3.1	18.5	32.143	28
Q9VFX3	sp|O95428|PPN_HUMAN	3.7	18.5	34.483	29
Q9VFX3	sp|O95428|PPN_HUMAN	6.9	17.7	31.034	29
Q9VFX3	sp|Q96NZ8|WFKN1_HUMAN	4.5	18.1	47.619	21
Q9VFX3	sp|Q8TEU8|WFKN2_HUMAN	4.6	18.1	22.807	57
Q9VFX3	sp|Q02388|CO7A1_HUMAN	4.6	18.1	35.714	28
Q9VFX3	sp|Q02388|CO7A1_HUMAN	6.0	17.7	60.0	10
Q9CQJ0	sp|Q02388|CO7A1_HUMAN	2.5	20.0	43.75	16
Q9CQJ0	sp|P12111|CO6A3_HUMAN	5.9	18.9	21.818	55
Q9CQJ0	sp|Q2UY09|COSA1_HUMAN	6.4	18.9	34.783	23
Q7DDT2	sp|Q02388|CO7A1_HUMAN	3.6	18.1	43.75	32
Q7DDT2	sp|Q02388|CO7A1_HUMAN	6.9	17.3	36.842	57
Q7DDT2	sp|Q02388|CO7A1_HUMAN	8.9	16.9	45.455	11
Q9PDE0	sp|P12111|CO6A3_HUMAN	2.5	19.6	25.333	75
Q9PDE0	sp|P12111|CO6A3_HUMAN	9.1	18.1	24.074	54
Q9PDE0	sp|P05067|A4_HUMAN	2.6	19.6	52.632	19
Q9PDE0	sp|Q02388|CO7A1_HUMAN	7.7	18.1	32.308	65
Q5R8D4	sp|Q02388|CO7A1_HUMAN	5.1	18.1	50.0	16
Q5R8D4	sp|Q02388|CO7A1_HUMAN	5.6	18.1	25.641	39
Q5R8D4	sp|O95428|PPN_HUMAN	8.6	17.3	32.432	37
Q5R8D4	sp|Q06481|APLP2_HUMAN	8.8	17.3	22.667	75
B5YJ91	sp|P05067|A4_HUMAN	1.7	20.8	47.368	19
B5YJ91	sp|P05067|A4_HUMAN	3.7	19.6	40.0	15
B5YJ91	sp|Q8TEU8|WFKN2_HUMAN	9.6	18.1	55.556	9
Q9UTE5	sp|Q96NZ8|WFKN1_HUMAN	0.18	25.0	17.582	91
Q9UTE5	sp|Q96NZ8|WFKN1_HUMAN	9.3	19.6	35.294	34
Q9UTE5	sp|Q6UDR6|SPIT4_HUMAN	1.9	20.8	53.333	15
Q9UTE5	sp|P12111|CO6A3_HUMAN	2.2	21.9	24.444	90
Q9UTE5	sp|P12111|CO6A3_HUMAN	4.8	20.8	39.286	28
Q9UTE5	sp|P12111|CO6A3_HUMAN	9.8	19.6	25.424	59
Q9UTE5	sp|P05067|A4_HUMAN	4.2	20.8	33.333	27
Q9UTE5	sp|O43278|SPIT1_HUMAN	8.4	19.6	32.0	25
A1UTL4	sp|Q96NZ8|WFKN1_HUMAN	0.73	20.4	29.73	37
A1UTL4	sp|P02760|AMBP_HUMAN	1.1	19.6	35.714	28
A1UTL4	sp|P10646|TFPI1_HUMAN	3.8	18.1	30.303	33
P72181	sp|P05067|A4_HUMAN	0.32	24.3	33.333	54
P72181	sp|Q06481|APLP2_HUMAN	1.3	22.3	38.462	26
P72181	sp|O43291|SPIT2_HUMAN	8.7	19.2	25.714	35
P0A2P0	sp|P05067|A4_HUMAN	2.9	20.8	28.261	46
P0A2P0	sp|Q02388|CO7A1_HUMAN	4.4	20.0	29.897	97
P0A2P0	sp|P12111|CO6A3_HUMAN	6.7	19.6	38.71	31
P0A2P0	sp|P12111|CO6A3_HUMAN	7.9	19.2	47.368	19
O14340	sp|Q8IUA0|WFDC8_HUMAN	0.63	24.3	40.909	22
O14340	sp|P12111|CO6A3_HUMAN	1.9	23.1	44.0	25
O14340	sp|Q06481|APLP2_HUMAN	2.0	22.7	50.0	18
O14340	sp|Q02388|CO7A1_HUMAN	2.6	22.7	25.862	58
O14340	sp|O95428|PPN_HUMAN	5.1	21.6	22.5	40
O14340	sp|O95428|PPN_HUMAN	6.0	21.6	28.261	46
O14340	sp|Q8TEU8|WFKN2_HUMAN	6.7	21.2	24.286	70
O14340	sp|O43291|SPIT2_HUMAN	7.3	20.8	34.783	23
J9VH94	sp|Q02388|CO7A1_HUMAN	3.2	22.3	54.167	24
J9VH94	sp|P05067|A4_HUMAN	4.3	21.6	27.027	37
J9VH94	sp|P05067|A4_HUMAN	6.6	21.2	22.449	49
J9VH94	sp|P12111|CO6A3_HUMAN	8.8	20.8	66.667	12
J9VH94	sp|O43278|SPIT1_HUMAN	9.6	20.4	40.909	22
Q3IQZ0	sp|P12111|CO6A3_HUMAN	2.4	21.6	32.812	64
Q3IQZ0	sp|P05067|A4_HUMAN	2.6	21.2	22.018	109
Q3IQZ0	sp|O95428|PPN_HUMAN	3.1	21.2	28.571	35
Q3IQZ0	sp|O95428|PPN_HUMAN	5.5	20.4	50.0	12
P33009	sp|Q8TEU8|WFKN2_HUMAN	0.36	23.5	30.769	65
P33009	sp|Q96NZ8|WFKN1_HUMAN	0.65	22.7	41.86	43
P33009	sp|P12111|CO6A3_HUMAN	1.3	21.9	27.273	88
A4SC45	sp|P12111|CO6A3_HUMAN	6.5	19.6	37.931	29
A4SC45	sp|Q02388|CO7A1_HUMAN	8.9	19.2	22.449	49
Q58444	sp|Q06481|APLP2_HUMAN	6.2	20.0	33.333	24
Q765P1	sp|Q2UY09|COSA1_HUMAN	2.3	20.0	37.5	24
Q765P1	sp|Q8TEU8|WFKN2_HUMAN	4.2	19.2	27.119	59
Q765P1	sp|P05067|A4_HUMAN	4.6	18.9	30.769	26
Q765P1	sp|Q06481|APLP2_HUMAN	7.6	18.5	27.273	22
Q765P1	sp|Q02388|CO7A1_HUMAN	8.7	18.1	37.143	35
Q02NA3	sp|Q96NZ8|WFKN1_HUMAN	0.59	23.1	29.412	68
Q02NA3	sp|Q02388|CO7A1_HUMAN	1.3	21.9	35.714	28
Q02NA3	sp|P12111|CO6A3_HUMAN	4.4	20.4	27.941	68
Q02NA3	sp|P12111|CO6A3_HUMAN	5.9	20.0	50.0	18
Q02NA3	sp|P12111|CO6A3_HUMAN	8.6	19.2	42.857	21
Q02NA3	sp|Q2UY09|COSA1_HUMAN	5.0	20.0	26.19	42
Q02NA3	sp|Q2UY09|COSA1_HUMAN	5.0	20.0	41.379	29
Q06FP1	sp|P05067|A4_HUMAN	0.89	16.9	62.5	8
Q06FP1	sp|P10646|TFPI1_HUMAN	1.2	16.5	55.556	9
Q06FP1	sp|Q02388|CO7A1_HUMAN	2.8	15.4	57.143	7
Q06FP1	sp|P48307|TFPI2_HUMAN	6.7	14.6	44.444	9
P65002	sp|P12111|CO6A3_HUMAN	0.66	23.1	22.93	157
P65002	sp|Q02388|CO7A1_HUMAN	5.8	20.0	77.778	9
A3MFT4	sp|O43291|SPIT2_HUMAN	1.6	21.2	23.333	30
A3MFT4	sp|P48307|TFPI2_HUMAN	3.0	20.0	36.364	22
A3MFT4	sp|Q02388|CO7A1_HUMAN	4.8	19.6	33.333	27
A3MFT4	sp|P02760|AMBP_HUMAN	5.3	19.2	21.053	114
A3MFT4	sp|Q06481|APLP2_HUMAN	9.9	18.5	47.826	23
Q6F240	sp|P12111|CO6A3_HUMAN	7.8	18.1	50.0	14
Q6F240	sp|P05067|A4_HUMAN	9.1	17.7	26.471	34
P76540	sp|P02760|AMBP_HUMAN	4.2	18.5	21.505	93
P76540	sp|Q02388|CO7A1_HUMAN	9.3	17.3	33.333	18
A2C9U0	sp|P12111|CO6A3_HUMAN	2.0	22.3	28.889	45
A2C9U0	sp|P12111|CO6A3_HUMAN	7.8	20.4	40.0	20
A2C9U0	sp|Q2UY09|COSA1_HUMAN	6.0	20.8	57.143	14
Q46AN2	sp|P12111|CO6A3_HUMAN	0.33	23.9	25.641	78
Q46AN2	sp|P05067|A4_HUMAN	2.2	21.2	40.0	20
Q46AN2	sp|Q8TEU8|WFKN2_HUMAN	6.4	19.6	54.545	11
Q71X09	sp|O43291|SPIT2_HUMAN	0.88	21.6	29.268	41
Q71X09	sp|Q02388|CO7A1_HUMAN	1.5	21.2	41.935	31
Q71X09	sp|Q06481|APLP2_HUMAN	8.8	18.9	24.324	37
A7I2H6	sp|Q02388|CO7A1_HUMAN	2.2	20.8	45.833	24
A7I2H6	sp|Q8TEU8|WFKN2_HUMAN	5.5	19.6	32.0	25
A7I2H6	sp|P12111|CO6A3_HUMAN	6.3	19.6	24.324	37
A7I2H6	sp|P12111|CO6A3_HUMAN	8.4	19.2	38.889	18
A7I2H6	sp|O43291|SPIT2_HUMAN	6.4	19.2	25.806	31
A7I2H6	sp|O43278|SPIT1_HUMAN	7.2	19.2	27.027	37
Q9RX35	sp|P12111|CO6A3_HUMAN	1.4	21.2	26.0	50
Q9RX35	sp|P12111|CO6A3_HUMAN	3.0	20.0	30.303	33
Q9RX35	sp|P12111|CO6A3_HUMAN	3.1	20.0	22.449	49
Q9RX35	sp|P12111|CO6A3_HUMAN	4.6	19.6	25.352	71
Q9RX35	sp|Q02388|CO7A1_HUMAN	2.0	20.8	35.484	31
Q9RX35	sp|Q02388|CO7A1_HUMAN	7.5	18.9	41.176	34
Q9RX35	sp|Q02388|CO7A1_HUMAN	7.9	18.9	46.154	13
Q5FKF4	sp|P12111|CO6A3_HUMAN	0.44	23.5	23.457	81
Q5FKF4	sp|P12111|CO6A3_HUMAN	1.7	21.6	28.378	74
Q5FKF4	sp|Q06481|APLP2_HUMAN	4.1	20.0	22.414	58
Q5FKF4	sp|Q06481|APLP2_HUMAN	4.4	20.0	44.444	18
A3LWY2	sp|P12111|CO6A3_HUMAN	0.3	24.3	28.378	74
A3LWY2	sp|P12111|CO6A3_HUMAN	6.8	20.0	29.63	27
A3LWY2	sp|Q8TEU8|WFKN2_HUMAN	1.3	21.9	24.0	50
A3LWY2	sp|Q02388|CO7A1_HUMAN	5.3	20.0	33.333	36
A3LWY2	sp|Q06481|APLP2_HUMAN	6.1	20.0	30.303	33
A3LWY2	sp|O95428|PPN_HUMAN	6.5	20.0	53.846	13
A3LWY2	sp|Q96NZ8|WFKN1_HUMAN	6.8	19.6	25.532	47
A3LWY2	sp|Q9BQY6|WFDC6_HUMAN	8.8	18.9	31.034	29
P0AG03	sp|O95428|PPN_HUMAN	3.1	19.2	42.105	19
P0AG03	sp|P05067|A4_HUMAN	3.9	18.9	30.303	33
P0AG03	sp|Q02388|CO7A1_HUMAN	6.5	18.1	37.5	48
P00935	sp|Q02388|CO7A1_HUMAN	1.8	21.2	35.714	70
P00935	sp|P12111|CO6A3_HUMAN	9.2	18.9	26.471	34
Q5HJZ5	sp|Q8TEU8|WFKN2_HUMAN	0.067	25.8	23.729	118
Q5HJZ5	sp|Q8TEU8|WFKN2_HUMAN	0.17	24.6	25.962	104
Q5HJZ5	sp|Q8TEU8|WFKN2_HUMAN	5.2	20.0	23.333	60
Q5HJZ5	sp|Q96NZ8|WFKN1_HUMAN	0.94	22.3	32.558	43
Q5HJZ5	sp|P48307|TFPI2_HUMAN	2.6	20.8	44.0	25
Q5HJZ5	sp|Q06481|APLP2_HUMAN	3.9	20.4	85.714	7
Q5HJZ5	sp|P12111|CO6A3_HUMAN	4.0	20.4	25.333	75
Q5HJZ5	sp|Q02388|CO7A1_HUMAN	5.9	19.6	40.0	20
Q5HJZ5	sp|Q02388|CO7A1_HUMAN	8.0	19.2	22.667	75
Q9CZS1	sp|Q96NZ8|WFKN1_HUMAN	6.8	19.6	41.935	31
Q9CZS1	sp|P12111|CO6A3_HUMAN	9.7	19.2	20.202	99
P0DMI1	sp|Q02388|CO7A1_HUMAN	2.0	21.9	76.923	13
P0DMI1	sp|Q02388|CO7A1_HUMAN	6.6	20.4	72.727	11
P0DMI1	sp|Q02388|CO7A1_HUMAN	9.3	19.6	70.0	10
P0DMI1	sp|Q02388|CO7A1_HUMAN	9.7	19.6	25.455	55
P0DMI1	sp|Q06481|APLP2_HUMAN	3.5	21.2	40.909	22
P0DMI1	sp|P12111|CO6A3_HUMAN	5.0	20.8	43.478	23
P0DMI1	sp|P02760|AMBP_HUMAN	5.9	20.4	22.876	153
Q9KUB7	sp|P12111|CO6A3_HUMAN	2.6	18.9	36.364	33
Q9KUB7	sp|P12111|CO6A3_HUMAN	7.6	17.3	66.667	9
Q9KUB7	sp|O95428|PPN_HUMAN	9.0	16.9	34.615	26
Q0HL77	sp|Q02388|CO7A1_HUMAN	1.9	21.6	32.812	64
Q9YGC7	sp|Q02388|CO7A1_HUMAN	0.036	23.1	39.394	33
Q9YGC7	sp|Q02388|CO7A1_HUMAN	0.42	20.0	52.941	17
Q9YGC7	sp|Q02388|CO7A1_HUMAN	5.3	16.9	45.0	20
Q9YGC7	sp|O43291|SPIT2_HUMAN	1.5	18.5	47.368	19
Q9YGC7	sp|O43278|SPIT1_HUMAN	1.7	18.5	50.0	14
Q9YGC7	sp|O95428|PPN_HUMAN	2.9	17.7	32.258	31
Q9YGC7	sp|O95428|PPN_HUMAN	4.0	17.3	36.364	22
Q9YGC7	sp|P05067|A4_HUMAN	9.8	16.2	55.556	9
Q6YZ97	sp|P12111|CO6A3_HUMAN	1.6	20.4	33.333	39
Q6YZ97	sp|P12111|CO6A3_HUMAN	2.9	19.6	56.25	16
Q6YZ97	sp|Q8TEU8|WFKN2_HUMAN	5.3	18.9	37.037	27
A7ZEZ4	sp|P12111|CO6A3_HUMAN	0.52	21.9	38.095	21
A7ZEZ4	sp|P48307|TFPI2_HUMAN	4.1	18.9	42.105	19
A7ZEZ4	sp|O95428|PPN_HUMAN	5.4	18.9	31.818	22
B1JL36	sp|O95428|PPN_HUMAN	1.4	21.9	38.889	18
B1JL36	sp|O95428|PPN_HUMAN	3.7	20.4	38.095	21
B1JL36	sp|O95428|PPN_HUMAN	5.4	20.0	35.484	31
B1JL36	sp|Q06481|APLP2_HUMAN	4.2	20.0	47.059	17
B1JL36	sp|P12111|CO6A3_HUMAN	9.6	19.2	34.043	47
B1JL36	sp|Q9BQY6|WFDC6_HUMAN	9.7	18.5	46.667	15
O25801	sp|Q02388|CO7A1_HUMAN	8.8	18.9	37.5	24
Q54970	sp|Q2UY09|COSA1_HUMAN	3.8	20.8	26.923	26
Q54970	sp|P10646|TFPI1_HUMAN	8.0	19.6	31.818	22
Q54970	sp|Q96NZ8|WFKN1_HUMAN	8.5	19.6	29.31	58
B7KWT5	sp|O95428|PPN_HUMAN	0.091	23.1	28.571	49
B7KWT5	sp|Q02388|CO7A1_HUMAN	5.2	17.7	37.5	24
B7KWT5	sp|P12111|CO6A3_HUMAN	8.9	17.3	38.095	21
Q8RWG3	sp|P12111|CO6A3_HUMAN	0.16	25.8	46.154	26
Q8RWG3	sp|Q8TEU8|WFKN2_HUMAN	1.4	22.3	23.529	68
Q8RWG3	sp|Q96NZ8|WFKN1_HUMAN	3.3	21.2	45.455	22
Q8RWG3	sp|O95428|PPN_HUMAN	7.4	20.4	31.034	29
Q8RWG3	sp|O95428|PPN_HUMAN	7.7	20.0	30.435	23
B5Z4B3	sp|O95428|PPN_HUMAN	1.4	21.6	26.437	87
B5Z4B3	sp|O95428|PPN_HUMAN	2.3	20.8	28.571	77
B5Z4B3	sp|P12111|CO6A3_HUMAN	1.7	21.6	58.824	17
B5Z4B3	sp|P12111|CO6A3_HUMAN	3.0	20.8	31.707	41
B5Z4B3	sp|P12111|CO6A3_HUMAN	3.6	20.4	38.596	57
B5Z4B3	sp|P12111|CO6A3_HUMAN	4.4	20.0	26.087	46
B5Z4B3	sp|P12111|CO6A3_HUMAN	9.3	18.9	53.846	13
B5Z4B3	sp|P12111|CO6A3_HUMAN	9.8	18.9	57.143	14
B5Z4B3	sp|Q9BQY6|WFDC6_HUMAN	9.9	18.5	41.176	17
Q2NWC8	sp|Q02388|CO7A1_HUMAN	0.61	21.6	36.667	30
Q2NWC8	sp|Q96NZ8|WFKN1_HUMAN	5.1	18.5	54.545	11
Q2NWC8	sp|Q9BQY6|WFDC6_HUMAN	7.6	17.7	25.806	31
Q9XJ58	sp|P49223|SPIT3_HUMAN	9.2	18.1	83.333	6
Q4UKI1	sp|Q2UY09|COSA1_HUMAN	0.04	25.8	27.536	69
Q4UKI1	sp|Q96NZ8|WFKN1_HUMAN	4.2	19.2	28.125	32
Q4UKI1	sp|Q02388|CO7A1_HUMAN	8.3	18.5	39.13	23
Q4UKI1	sp|P05067|A4_HUMAN	8.3	18.5	29.412	34
O75674	sp|Q02388|CO7A1_HUMAN	0.85	22.7	34.211	38
O75674	sp|Q02388|CO7A1_HUMAN	3.3	20.8	28.571	35
O75674	sp|Q02388|CO7A1_HUMAN	9.0	19.2	53.846	13
O75674	sp|Q02388|CO7A1_HUMAN	10.0	19.2	26.471	34
O75674	sp|P12111|CO6A3_HUMAN	1.9	21.6	29.787	47
O75674	sp|P12111|CO6A3_HUMAN	3.1	20.8	52.632	19
O75674	sp|P02760|AMBP_HUMAN	7.5	19.2	33.333	18
Q9PR42	sp|P12111|CO6A3_HUMAN	0.049	27.7	25.806	62
Q9PR42	sp|P12111|CO6A3_HUMAN	8.7	20.4	50.0	14
Q9PR42	sp|O95428|PPN_HUMAN	0.38	24.6	36.364	33
Q9PR42	sp|Q02388|CO7A1_HUMAN	0.67	23.9	35.556	45
Q9PR42	sp|Q8TEU8|WFKN2_HUMAN	6.8	20.8	30.0	100
Q9PR42	sp|Q8TEU8|WFKN2_HUMAN	8.2	20.4	32.558	43
Q9PR42	sp|Q06481|APLP2_HUMAN	7.8	20.4	21.154	104
Q9PR42	sp|P48307|TFPI2_HUMAN	8.2	20.0	35.294	34
Q9PR42	sp|P49223|SPIT3_HUMAN	9.2	19.2	46.154	13
Q9VW87	sp|P12111|CO6A3_HUMAN	3.5	18.9	29.032	31
Q9VW87	sp|P12111|CO6A3_HUMAN	5.5	18.1	27.778	54
Q9VW87	sp|O43291|SPIT2_HUMAN	7.3	17.7	17.949	39
Q9VW87	sp|Q02388|CO7A1_HUMAN	8.3	17.7	46.667	15
A8FR77	sp|P12111|CO6A3_HUMAN	2.8	20.8	37.5	16
A8FR77	sp|P05067|A4_HUMAN	7.2	19.2	31.25	32
A8FR77	sp|Q96NZ8|WFKN1_HUMAN	7.9	19.2	53.333	15
Q6PBY1	sp|O95428|PPN_HUMAN	0.12	24.3	42.308	26
Q6PBY1	sp|O95428|PPN_HUMAN	6.3	18.9	54.545	11
Q6PBY1	sp|P02760|AMBP_HUMAN	4.6	19.2	24.49	49
Q6PBY1	sp|Q8IUA0|WFDC8_HUMAN	5.3	18.9	28.571	28
Q6PBY1	sp|Q02388|CO7A1_HUMAN	5.3	19.2	42.857	21
Q6PBY1	sp|Q8TEU8|WFKN2_HUMAN	8.2	18.5	66.667	9
Q6PBY1	sp|O43278|SPIT1_HUMAN	9.6	18.1	63.636	11
A2S4N1	sp|Q96NZ8|WFKN1_HUMAN	0.15	24.3	30.769	26
A2S4N1	sp|P12111|CO6A3_HUMAN	0.22	23.9	31.579	38
A2S4N1	sp|Q2UY09|COSA1_HUMAN	3.1	20.0	29.032	31
A2S4N1	sp|P10646|TFPI1_HUMAN	7.4	18.9	46.154	13
A2S4N1	sp|O43291|SPIT2_HUMAN	8.1	18.5	47.059	17
A2S4N1	sp|O43291|SPIT2_HUMAN	9.4	18.5	44.444	18
A0AIW8	sp|Q8IUA0|WFDC8_HUMAN	0.94	22.3	27.536	69
A0AIW8	sp|Q2UY09|COSA1_HUMAN	2.9	21.2	29.032	31
A0AIW8	sp|P48307|TFPI2_HUMAN	3.2	20.8	24.051	79
A0AIW8	sp|O95428|PPN_HUMAN	3.6	20.8	25.641	39
B5EN71	sp|O95428|PPN_HUMAN	1.3	19.6	38.462	13
B5EN71	sp|O95428|PPN_HUMAN	7.8	16.9	66.667	9
B5EN71	sp|P10646|TFPI1_HUMAN	2.5	18.5	30.769	26
B5EN71	sp|Q8IUA0|WFDC8_HUMAN	3.4	18.1	26.829	41
B5EN71	sp|P02760|AMBP_HUMAN	3.9	18.1	18.75	48
B5EN71	sp|O43291|SPIT2_HUMAN	8.1	16.9	60.0	10
B5EN71	sp|Q2UY09|COSA1_HUMAN	9.6	16.9	31.707	41
Q7WQM6	sp|Q02388|CO7A1_HUMAN	1.7	21.9	27.451	51
Q7WQM6	sp|O95428|PPN_HUMAN	4.7	20.8	45.455	22
Q7WQM6	sp|Q2UY09|COSA1_HUMAN	8.3	19.6	24.39	41
Q7WQM6	sp|Q2UY09|COSA1_HUMAN	9.7	19.6	23.077	39
Q8HXP2	sp|P12111|CO6A3_HUMAN	3.4	19.2	36.364	22
Q8HXP2	sp|P12111|CO6A3_HUMAN	3.9	18.9	47.368	19
Q8HXP2	sp|O43278|SPIT1_HUMAN	4.3	18.9	29.63	27
Q07DY6	sp|Q8TEU8|WFKN2_HUMAN	0.023	27.7	27.143	70
Q07DY6	sp|P12111|CO6A3_HUMAN	6.7	19.6	34.783	23
Q07DY6	sp|P12111|CO6A3_HUMAN	7.5	19.6	28.571	56
A9R5A3	sp|P05067|A4_HUMAN	1.7	22.3	38.235	34
A9R5A3	sp|P05067|A4_HUMAN	4.8	21.2	29.921	127
A9R5A3	sp|P48307|TFPI2_HUMAN	3.9	21.2	39.13	23
A9R5A3	sp|P12111|CO6A3_HUMAN	4.4	21.2	40.0	20
P69684	sp|Q06481|APLP2_HUMAN	1.1	22.7	23.75	80
P69684	sp|Q2UY09|COSA1_HUMAN	3.5	20.8	66.667	12
P69684	sp|P02760|AMBP_HUMAN	5.1	20.4	36.0	25
P69684	sp|P02760|AMBP_HUMAN	6.0	20.0	40.0	15
P69684	sp|O95428|PPN_HUMAN	5.2	20.4	23.585	106
P69684	sp|Q02388|CO7A1_HUMAN	6.1	20.0	31.707	41
P69684	sp|P12111|CO6A3_HUMAN	8.8	19.6	25.49	51
Q6NE63	sp|P12111|CO6A3_HUMAN	7.7	19.2	32.5	40
Q9X6P2	sp|O95428|PPN_HUMAN	3.4	20.0	43.75	16
Q9X6P2	sp|O95428|PPN_HUMAN	7.0	18.9	37.5	16
Q9X6P2	sp|P02760|AMBP_HUMAN	4.6	19.2	24.658	73
Q8G7Z8	sp|Q2UY09|COSA1_HUMAN	0.14	24.3	31.429	35
Q8G7Z8	sp|O43291|SPIT2_HUMAN	2.5	20.0	36.0	25
Q8G7Z8	sp|P49223|SPIT3_HUMAN	6.5	18.1	33.333	18
Q8G7Z8	sp|Q02388|CO7A1_HUMAN	7.1	18.9	36.0	25
Q8G7Z8	sp|P12111|CO6A3_HUMAN	7.9	18.5	35.0	20
Q8G7Z8	sp|P12111|CO6A3_HUMAN	8.7	18.5	36.364	22
Q8G7Z8	sp|P12111|CO6A3_HUMAN	8.9	18.5	38.889	18
Q5NFU6	sp|P05067|A4_HUMAN	5.4	18.5	26.316	57
Q5NFU6	sp|P12111|CO6A3_HUMAN	5.8	18.5	28.571	35
Q5NFU6	sp|Q02388|CO7A1_HUMAN	6.5	18.5	53.846	13
Q5NFU6	sp|Q96NZ8|WFKN1_HUMAN	8.4	18.1	30.303	33
Q9EPW0	sp|P10646|TFPI1_HUMAN	0.86	23.5	34.146	41
Q9EPW0	sp|P10646|TFPI1_HUMAN	2.1	22.3	35.714	28
Q9EPW0	sp|P12111|CO6A3_HUMAN	1.2	23.1	31.579	38
Q9EPW0	sp|O95925|EPPI_HUMAN	1.7	21.9	32.692	52
Q9EPW0	sp|O95925|EPPI_HUMAN	7.8	20.0	31.579	19
Q9EPW0	sp|Q02388|CO7A1_HUMAN	2.4	22.3	31.111	45
Q9EPW0	sp|Q02388|CO7A1_HUMAN	8.8	20.4	47.059	17
Q9EPW0	sp|O43278|SPIT1_HUMAN	2.6	21.9	35.714	28
Q9EPW0	sp|Q8TEU8|WFKN2_HUMAN	7.0	20.4	30.556	36
Q6KAI0	sp|Q8TEU8|WFKN2_HUMAN	1.2	23.1	26.471	34
Q6KAI0	sp|Q02388|CO7A1_HUMAN	1.2	23.1	47.619	21
Q0SRE3	sp|Q02388|CO7A1_HUMAN	2.6	21.6	20.833	48
Q0SRE3	sp|Q06481|APLP2_HUMAN	7.1	20.0	30.769	39
Q0SRE3	sp|P12111|CO6A3_HUMAN	7.7	20.0	26.667	60
Q0SRE3	sp|P12111|CO6A3_HUMAN	9.0	19.6	25.714	35
Q88DZ3	sp|Q2UY09|COSA1_HUMAN	0.96	20.8	32.143	28
Q8N136	sp|P12111|CO6A3_HUMAN	0.098	25.4	28.0	50
Q8N136	sp|P02760|AMBP_HUMAN	2.6	20.8	44.444	27
Q8N136	sp|Q02388|CO7A1_HUMAN	2.7	20.8	21.053	38
Q8N136	sp|Q8TEU8|WFKN2_HUMAN	7.3	19.2	37.037	27
Q8N136	sp|Q06481|APLP2_HUMAN	9.6	18.9	33.333	27
F4JYE9	sp|P12111|CO6A3_HUMAN	3.3	20.8	38.095	21
F4JYE9	sp|Q96NZ8|WFKN1_HUMAN	8.0	19.6	23.188	69
A7HZW1	sp|Q96NZ8|WFKN1_HUMAN	3.1	20.8	35.0	20
A7HZW1	sp|O95428|PPN_HUMAN	4.4	20.4	42.105	19
Q6GF14	sp|Q02388|CO7A1_HUMAN	0.17	25.0	32.857	70
Q6GF14	sp|Q02388|CO7A1_HUMAN	7.7	19.2	31.579	38
Q6GF14	sp|P12111|CO6A3_HUMAN	0.23	24.3	28.0	50
Q6GF14	sp|O95428|PPN_HUMAN	5.6	20.0	26.923	78
B7M4I1	sp|P12111|CO6A3_HUMAN	0.54	23.1	29.268	41
B7M4I1	sp|P12111|CO6A3_HUMAN	2.3	20.8	20.27	148
B7M4I1	sp|P12111|CO6A3_HUMAN	5.9	19.6	26.923	52
B7M4I1	sp|O95428|PPN_HUMAN	2.6	20.8	39.13	23
B7M4I1	sp|Q02388|CO7A1_HUMAN	4.1	20.0	58.333	12
Q326G6	sp|O95428|PPN_HUMAN	0.54	23.5	22.0	50
Q326G6	sp|Q02388|CO7A1_HUMAN	1.7	21.9	40.741	27
Q326G6	sp|Q02388|CO7A1_HUMAN	7.4	19.6	43.75	16
Q326G6	sp|P12111|CO6A3_HUMAN	2.6	21.2	53.846	13
Q326G6	sp|P12111|CO6A3_HUMAN	4.3	20.4	29.545	44
Q18EC4	sp|O43291|SPIT2_HUMAN	7.9	18.1	32.0	25
P02523	sp|P12111|CO6A3_HUMAN	0.2	23.5	33.333	30
P02523	sp|P12111|CO6A3_HUMAN	5.1	18.9	58.333	12
P02523	sp|P12111|CO6A3_HUMAN	9.3	18.1	31.25	64
P02523	sp|O95428|PPN_HUMAN	2.3	20.0	34.375	32
P02523	sp|O95925|EPPI_HUMAN	5.3	18.5	42.857	14
P02523	sp|O43291|SPIT2_HUMAN	7.4	18.5	32.258	31
P02523	sp|O43291|SPIT2_HUMAN	9.9	18.1	53.846	13
P02523	sp|P05067|A4_HUMAN	8.9	18.1	27.778	36
A1REZ3	sp|Q2UY09|COSA1_HUMAN	1.5	21.2	28.571	28
A1REZ3	sp|Q02388|CO7A1_HUMAN	3.6	20.0	41.176	17
A1REZ3	sp|Q8TEU8|WFKN2_HUMAN	7.7	18.9	43.75	16
P23004	sp|O95428|PPN_HUMAN	2.5	20.8	31.579	19
P23004	sp|O95428|PPN_HUMAN	8.0	19.2	32.692	52
P23004	sp|P12111|CO6A3_HUMAN	7.2	19.6	27.586	29
P23004	sp|P12111|CO6A3_HUMAN	9.1	19.2	63.636	11
B2SH99	sp|Q02388|CO7A1_HUMAN	0.4	24.6	41.176	34
B2SH99	sp|Q02388|CO7A1_HUMAN	1.3	23.1	43.243	37
B2SH99	sp|Q02388|CO7A1_HUMAN	1.4	22.7	35.294	34
B2SH99	sp|Q02388|CO7A1_HUMAN	1.8	22.7	52.941	17
B2SH99	sp|Q02388|CO7A1_HUMAN	5.4	20.8	45.0	20
B2SH99	sp|Q02388|CO7A1_HUMAN	6.2	20.8	35.135	37
B2SH99	sp|Q02388|CO7A1_HUMAN	6.7	20.8	39.474	38
B2SH99	sp|Q2UY09|COSA1_HUMAN	0.53	24.3	24.444	45
B2SH99	sp|Q2UY09|COSA1_HUMAN	1.4	22.7	42.857	35
B2SH99	sp|Q2UY09|COSA1_HUMAN	2.2	22.3	26.984	63
B2SH99	sp|P12111|CO6A3_HUMAN	0.96	23.5	29.787	47
B2SH99	sp|P12111|CO6A3_HUMAN	3.4	21.6	29.167	48
Q5U820	sp|Q8TEU8|WFKN2_HUMAN	1.9	23.1	25.843	89
Q5U820	sp|P12111|CO6A3_HUMAN	6.0	21.6	19.54	87
Q5U820	sp|Q02388|CO7A1_HUMAN	8.0	21.2	66.667	12
B7JS05	sp|P12111|CO6A3_HUMAN	8.2	19.2	28.125	32
B2J1W1	sp|P12111|CO6A3_HUMAN	0.86	22.3	30.189	53
B2J1W1	sp|P12111|CO6A3_HUMAN	8.8	18.9	45.0	20
B2J1W1	sp|O43278|SPIT1_HUMAN	2.4	20.8	39.286	28
B2J1W1	sp|O95428|PPN_HUMAN	6.2	19.6	31.25	32
B2J1W1	sp|Q02388|CO7A1_HUMAN	7.0	19.2	41.176	17
B2J1W1	sp|Q02388|CO7A1_HUMAN	10.0	18.9	50.0	18
B2J1W1	sp|Q96NZ8|WFKN1_HUMAN	8.4	18.9	43.478	23
B2J1W1	sp|Q9BQY6|WFDC6_HUMAN	8.7	18.5	54.545	11
Q1GPJ7	sp|Q02388|CO7A1_HUMAN	0.27	23.1	29.167	24
Q1GPJ7	sp|Q2UY09|COSA1_HUMAN	0.69	21.9	43.478	23
Q1GPJ7	sp|O95428|PPN_HUMAN	2.0	20.4	25.0	80
Q1GPJ7	sp|O95428|PPN_HUMAN	8.3	18.5	23.404	47
Q1GPJ7	sp|Q96NZ8|WFKN1_HUMAN	4.3	19.2	32.0	25
Q8BGV9	sp|P12111|CO6A3_HUMAN	6.5	19.6	46.667	15
Q8BGV9	sp|P12111|CO6A3_HUMAN	8.5	19.2	32.075	53
Q8BGV9	sp|Q02388|CO7A1_HUMAN	9.3	19.2	50.0	14
A0RVY8	sp|Q2UY09|COSA1_HUMAN	1.6	19.2	52.941	17
B5XIF6	sp|Q02388|CO7A1_HUMAN	2.5	17.3	34.783	23
B5XIF6	sp|P10646|TFPI1_HUMAN	3.5	16.5	54.545	11
B5XIF6	sp|P12111|CO6A3_HUMAN	4.0	16.5	40.741	27
Q7AKQ5	sp|P12111|CO6A3_HUMAN	0.51	22.3	26.087	69
Q7AKQ5	sp|P12111|CO6A3_HUMAN	6.3	18.9	40.0	35
Q7AKQ5	sp|P05067|A4_HUMAN	7.3	18.9	33.333	36
Q7AKQ5	sp|P49223|SPIT3_HUMAN	9.4	17.7	30.0	20
B3H2X7	sp|P12111|CO6A3_HUMAN	8.8	19.6	40.741	27
Q5HXE4	sp|Q96NZ8|WFKN1_HUMAN	0.89	22.7	23.288	73
Q5HXE4	sp|P12111|CO6A3_HUMAN	2.1	21.6	50.0	18
Q5HXE4	sp|Q02388|CO7A1_HUMAN	9.0	19.6	36.842	19
Q5HXE4	sp|Q2UY09|COSA1_HUMAN	9.7	19.2	41.935	31
Q9SMB8	sp|Q2UY09|COSA1_HUMAN	3.4	19.2	24.59	61
Q9SMB8	sp|Q2UY09|COSA1_HUMAN	8.1	18.1	25.926	54
Q9SMB8	sp|P12111|CO6A3_HUMAN	6.8	18.5	42.857	21
B2IS39	sp|Q06481|APLP2_HUMAN	0.3	21.2	30.0	40
B2IS39	sp|P02760|AMBP_HUMAN	1.8	18.5	55.556	9
B2IS39	sp|P05067|A4_HUMAN	2.6	18.1	27.273	44
B2IS39	sp|P48307|TFPI2_HUMAN	5.6	17.3	60.0	10
B2IS39	sp|Q02388|CO7A1_HUMAN	6.2	17.3	83.333	6
P46772	sp|O95428|PPN_HUMAN	0.5	21.9	54.545	11
P46772	sp|Q2UY09|COSA1_HUMAN	2.1	20.0	50.0	16
P46772	sp|Q8TEU8|WFKN2_HUMAN	8.5	18.1	32.558	43
B4TVY2	sp|P12111|CO6A3_HUMAN	0.051	25.4	31.579	57
B4TVY2	sp|P12111|CO6A3_HUMAN	5.4	18.9	33.333	30
B4TVY2	sp|O95428|PPN_HUMAN	5.7	18.9	54.545	11
Q3SLJ8	sp|Q8TEU8|WFKN2_HUMAN	0.99	21.9	28.333	60
Q3SLJ8	sp|O95428|PPN_HUMAN	1.0	21.9	39.13	23
Q3SLJ8	sp|O95428|PPN_HUMAN	4.1	20.0	32.353	34
Q3SLJ8	sp|Q96NZ8|WFKN1_HUMAN	2.7	20.8	32.143	56
B7NEK6	sp|O95428|PPN_HUMAN	0.88	21.9	70.0	10
B7NEK6	sp|Q8IUA0|WFDC8_HUMAN	2.2	20.4	30.357	56
B7NEK6	sp|P02760|AMBP_HUMAN	3.3	20.0	46.667	15
F7ZDR3	sp|O95428|PPN_HUMAN	0.68	22.3	34.0	50
F7ZDR3	sp|O95428|PPN_HUMAN	9.2	18.9	30.556	36
F7ZDR3	sp|P12111|CO6A3_HUMAN	0.87	21.9	50.0	12
F7ZDR3	sp|P12111|CO6A3_HUMAN	1.2	21.6	29.31	58
F7ZDR3	sp|P12111|CO6A3_HUMAN	5.3	19.6	28.571	28
F7ZDR3	sp|P12111|CO6A3_HUMAN	6.6	19.2	31.429	35
F7ZDR3	sp|P12111|CO6A3_HUMAN	7.4	19.2	36.364	22
F7ZDR3	sp|P12111|CO6A3_HUMAN	7.8	18.9	52.941	17
F7ZDR3	sp|P12111|CO6A3_HUMAN	8.7	18.9	24.242	66
F7ZDR3	sp|P12111|CO6A3_HUMAN	10.0	18.5	35.484	31
F7ZDR3	sp|Q02388|CO7A1_HUMAN	6.5	19.2	37.5	24
F7ZDR3	sp|Q9BQY6|WFDC6_HUMAN	9.0	18.5	25.0	36
P69342	sp|Q06481|APLP2_HUMAN	0.76	21.2	40.0	25
P69342	sp|Q6UDR6|SPIT4_HUMAN	4.4	18.5	42.857	21
P69342	sp|P12111|CO6A3_HUMAN	5.1	18.9	26.316	38
P69342	sp|P12111|CO6A3_HUMAN	6.6	18.5	31.034	29
P69342	sp|P12111|CO6A3_HUMAN	9.8	17.7	25.0	36
P69342	sp|O95428|PPN_HUMAN	9.0	18.1	33.333	24
P63258	sp|P12111|CO6A3_HUMAN	0.041	26.6	29.87	77
P63258	sp|P12111|CO6A3_HUMAN	8.3	18.9	40.0	15
P63258	sp|P12111|CO6A3_HUMAN	8.5	18.9	22.34	94
P63258	sp|O95428|PPN_HUMAN	1.9	21.2	38.462	26
P63258	sp|Q02388|CO7A1_HUMAN	2.0	21.2	33.333	45
P63258	sp|Q02388|CO7A1_HUMAN	9.1	18.9	30.0	40
P63258	sp|O43291|SPIT2_HUMAN	4.5	19.6	34.043	47
P63258	sp|P05067|A4_HUMAN	7.1	19.2	38.095	21
P63258	sp|P05067|A4_HUMAN	10.0	18.9	54.545	11
O24151	sp|P12111|CO6A3_HUMAN	0.87	21.6	31.579	19
O24151	sp|P12111|CO6A3_HUMAN	5.4	18.9	53.846	13
O24151	sp|P12111|CO6A3_HUMAN	6.7	18.5	47.059	17
O24151	sp|P12111|CO6A3_HUMAN	8.6	18.1	40.0	20
O24151	sp|Q2UY09|COSA1_HUMAN	6.2	18.9	66.667	9
A7GSJ7	sp|Q9BQY6|WFDC6_HUMAN	7.4	16.2	66.667	9
P67270	sp|Q2UY09|COSA1_HUMAN	1.1	21.2	38.462	26
P67270	sp|P10646|TFPI1_HUMAN	1.3	20.8	23.288	73
P67270	sp|P12111|CO6A3_HUMAN	2.4	20.0	29.412	17
P67270	sp|P12111|CO6A3_HUMAN	7.8	18.5	50.0	14
P67270	sp|Q06481|APLP2_HUMAN	9.6	18.1	63.636	11
Q5FLX2	sp|Q06481|APLP2_HUMAN	5.2	19.6	29.412	34
Q5FLX2	sp|P12111|CO6A3_HUMAN	7.2	19.2	39.13	23
Q5FLX2	sp|P12111|CO6A3_HUMAN	8.4	18.9	34.783	23
Q5FLX2	sp|Q2UY09|COSA1_HUMAN	8.5	18.9	25.424	59
